video_id,title,view_count,like_count,coin_count,favorite_count,share_count,category,clean_title,bert_kmeans_cluster,dbscan_cluster,pca_x,pca_y,tsne_x,tsne_y,Cluster_Label
BV114fgBDEvF,王宇昊爽吃六桶奶粉！,2237842,300347,173034,42979,1480,手机游戏,王宇昊爽吃六桶奶粉,4,-1,-2.519661,-0.21790029,2.3686898,1.9690212,Cluster 4
BV114fyBUEfi,【解说员】还是暗部兄弟豪赤,158476,10347,801,1287,242,手机游戏,解说员 还是暗部兄弟豪赤,0,-1,-2.5967865,1.1898941,-6.456462,6.8437204,Cluster 0
BV119c5ziEyb,毛巾塞进杯子里，英国初中生年入百万,2252290,72460,955,6531,468,财经商业,毛巾塞进杯子里 英国初中生年入百万,2,-1,6.106797,-3.5888162,-8.648002,0.6095963,Cluster 2
BV11bfyB7ELp,【NMIXX】“TIC TIC (Feat. Pabllo Vittar)” | Brazil Carnival🇧🇷 | Stage Recap,32409,5116,1449,949,211,音乐综合,NMIXX  TIC TIC  Feat  Pabllo Vittar     Brazil Carnival     Stage Recap,4,-1,-4.0198584,4.570037,8.844675,-2.8150516,Cluster 4
BV11QfFB9EuM,挑战100多层高的矮寨大桥，万万没想到越到后面越难,786218,42674,1302,5115,3960,出行,挑战100多层高的矮寨大桥 万万没想到越到后面越难,2,-1,5.9866185,-1.9478921,-8.073857,-5.215188,Cluster 2
BV11sfkBGEmC,“侠之大者 为国为民”,79886,12478,3510,3097,277,鬼畜剧场,侠之大者 为国为民,3,-1,-1.9354854,2.0952344,4.8218613,-6.5775437,Cluster 3
BV11ufwBcEQi,百骑突袭！即使到存亡的最后一刻，也要谋划胜利！【帝国时代4】,982384,79480,43650,15835,2313,单机游戏,百骑突袭 即使到存亡的最后一刻 也要谋划胜利  帝国时代4,0,-1,-2.5736485,-3.2967732,-1.0630864,7.272884,Cluster 0
BV11xfMBCEw9,延长春节假期的三种方法,422612,24621,634,5156,2540,同人·手书,延长春节假期的三种方法,3,-1,0.2107575,0.38269526,4.3361382,-0.11339237,Cluster 3
BV123fwBfEHd,8个Ai和我激斗😰❤️,593521,25836,1564,19133,167,日常,8个Ai和我激斗,3,-1,-2.7062867,2.69209,3.329243,-3.1197932,Cluster 3
BV124fyBUERa,刷新全网核爆上限！遐蝶核爆38.9万亿！竟然又摸到了货币战争的输出上限？几百小时全凹局运营思路上限展示！,87051,7507,2297,998,726,手机游戏,刷新全网核爆上限 遐蝶核爆38 9万亿 竟然又摸到了货币战争的输出上限 几百小时全凹局运营思路上限展示,4,-1,-1.8921554,-3.0747643,1.4670436,3.9699445,Cluster 4
BV125fPBvERt,长官你在冒烟！弹幕：狂！,1970257,46238,5570,6189,16615,电子竞技,长官你在冒烟 弹幕 狂,3,-1,-0.2805171,2.5733392,0.8819779,-3.2517345,Cluster 3
BV127fKB3EyQ,几个月没练，看看我140kg卧推能做几个,608991,42267,671,566,288,健身,几个月没练 看看我140kg卧推能做几个,2,-1,5.201987,-1.2952138,-6.118314,-3.6083417,Cluster 2
BV12CZ2BQEv5,能有多难看呢？《镖人》《飞驰人生3》《惊蛰无声》《星河入梦》《熊出没·年年有熊》《熊猫计划之部落奇遇记》2026春节电影排雷报告,5244047,108519,24780,25714,16972,影视杂谈,能有多难看呢  镖人  飞驰人生3  惊蛰无声  星河入梦  熊出没 年年有熊  熊猫计划之部落奇遇记 2026春节电影排雷报告,4,-1,-4.070268,-3.7586293,2.7286675,7.124102,Cluster 4
BV12LfKBkESF,《SHIT》期刊要有赞助了！离举办会议不远了！持续期待,518098,69794,2446,6550,3424,校园学习,SHIT 期刊要有赞助了 离举办会议不远了 持续期待,4,-1,-2.5755923,2.0897362,9.515038,-1.9820771,Cluster 4
BV12NZZB7EAM,毕节.达达炒鸡 厨子探店¥1瓶8+1,1975521,152795,16059,5514,1138,美食侦探,毕节 达达炒鸡 厨子探店 1瓶8 1,4,-1,-2.7731037,0.6443698,7.2762227,-3.90238,Cluster 4
BV12PfFBdEBu,全网首发航天无敌蹲撤离点点位，码头围墙顶,628212,32514,1242,26504,18348,日常,全网首发航天无敌蹲撤离点点位 码头围墙顶,4,-1,-2.340799,-2.7496,1.5602518,4.0455456,Cluster 4
BV12VfPBKEW7,欢愉至上！2025年度军事乐子颁奖典礼【风帆说】,182644,15997,1900,3169,496,人文历史,欢愉至上 2025年度军事乐子颁奖典礼 风帆说,4,-1,-3.45356,-2.0070252,5.5999575,3.6224635,Cluster 4
BV12zfEByE1q,【TF家族练习生】《TLOG》01：《发发NOW》MV拍摄花絮,1675965,52051,5367,18755,1007,明星综合,TF家族练习生  TLOG 01  发发NOW MV拍摄花絮,4,-1,-4.9674654,0.55819845,7.832927,0.364891,Cluster 4
BV131f7BQEU1,波比的游戏时间第五章，原型体1006终于现身！,1122467,63701,20109,32814,1917,单机游戏,波比的游戏时间第五章 原型体1006终于现身,0,-1,-4.221814,-3.047943,-0.19536917,7.618844,Cluster 0
BV132fLBVEds,【时代少年团】2026十八楼联欢晚会-经典剧集,955872,50878,12144,11618,1897,明星综合,时代少年团 2026十八楼联欢晚会 经典剧集,4,-1,-4.873183,-1.7953752,-3.6555817,9.243663,Cluster 4
BV13cfPBLEda,彭尼游戏？抛硬币也有策略？,353371,19303,654,11470,566,科学科普,彭尼游戏 抛硬币也有策略,3,-1,-2.2504597,-1.1085091,-1.6802344,5.4423995,Cluster 3
BV13cfwBqEur,搞定就撤,268815,25808,997,4307,1085,网络游戏,搞定就撤,1,-1,3.7222724,4.128361,0.4773525,-5.260422,Cluster 1
BV13Df7BEEmR,来带你感受一下南洋大兜虫的惊人的背甲硬度！,2418369,54734,524,2334,646,野生动物,来带你感受一下南洋大兜虫的惊人的背甲硬度,2,-1,4.1185455,0.13009948,-4.9584947,-3.7283711,Cluster 2
BV13DZoBZEvD,可恶，是幻术吗？火花花居然和我玩起了浪漫？？,1134370,137664,10069,40695,6203,MMD·3D,可恶 是幻术吗 火花花居然和我玩起了浪漫,1,-1,3.0948677,0.5386753,-3.3588667,-2.5733812,Cluster 1
BV13FfwBMEsj,禁枪国家造不出好枪？【鉴定网络热门枪械】,203970,11817,585,1572,128,野生技能协会,禁枪国家造不出好枪  鉴定网络热门枪械,3,-1,-1.8094354,-3.3323364,1.9487594,3.1804514,Cluster 3
BV13pfqBuESD,仅需一个黄毛便可拖垮美国娱乐史上最伟大的女声,276565,12299,2913,4809,471,乐评盘点,仅需一个黄毛便可拖垮美国娱乐史上最伟大的女声,3,-1,-0.3089626,-0.87979877,1.1920986,1.4239055,Cluster 3
BV13xfqBTErW,《 她 们 为 什 么 打 架 ？🤔》,635576,60784,2726,19844,832,仿妆cos,她 们 为 什 么 打 架,1,-1,4.1121826,3.335182,-1.2076126,-4.109369,Cluster 1
BV14AfuBEEdx,【王一博】《闪耀动起来》舞台幕后全记录,92369,12102,9103,5565,1468,预告·资讯,王一博  闪耀动起来 舞台幕后全记录,4,-1,-2.4919682,-2.4948287,2.7932093,2.3983998,Cluster 4
BV14cfnBJEZT,能帮帮小企鹅吗？小企鹅的小羊姐姐走丢了...【终末地幼儿园】,1719104,120098,3683,23915,7660,同人·手书,能帮帮小企鹅吗 小企鹅的小羊姐姐走丢了    终末地幼儿园,4,-1,-3.307294,0.02575567,2.9479222,5.397613,Cluster 4
BV14cZqB8EzW,今天吃旋转小火锅！自制了一大盆响铃卷，玩转火锅花样吃法！,1552459,115336,1980,6318,1978,美食记录,今天吃旋转小火锅 自制了一大盆响铃卷 玩转火锅花样吃法,1,-1,3.10258,1.0379417,-5.755814,-3.404044,Cluster 1
BV14DfwBAEck,三国杀up锐评新三国246：岂有连营七百里可以拒敌的吗？,543332,23614,10060,3171,514,桌游棋牌,三国杀up锐评新三国246 岂有连营七百里可以拒敌的吗,2,-1,3.7145205,-4.9520164,-5.1701083,3.5236874,Cluster 2
BV14EcazWERX,这把吃席的含金量堪比全国前二,1287012,28913,676,4271,1996,美食记录,这把吃席的含金量堪比全国前二,1,-1,0.68112564,4.442498,1.9000621,-6.672944,Cluster 1
BV14ifzBMEjx,再见来时路,136876,9125,3153,1268,195,运动综合,再见来时路,3,-1,-2.1526577,3.9358523,3.929393,-2.909382,Cluster 3
BV14ofKByEe6,2026全新人设套路！年入百万无人机女飞手、凌晨4点打7份工？全是摆拍套路！,158085,9902,2215,1334,250,日常,2026全新人设套路 年入百万无人机女飞手 凌晨4点打7份工 全是摆拍套路,2,-1,5.060997,-5.8889594,-7.247589,0.31419027,Cluster 2
BV14PfuBmE3x,【非洲留学】怎么门外真有狮子啊？？？,148817,27545,2288,1600,640,日常,非洲留学 怎么门外真有狮子啊,2,-1,5.825729,-2.1532102,-8.701597,-1.5243626,Cluster 2
BV14qfTB7E4B,美国为什么重新聚焦美洲？哪个美国邻居能薅美国的羊毛？离美国太近是福是祸？,138042,7206,947,1632,63,人文历史,美国为什么重新聚焦美洲 哪个美国邻居能薅美国的羊毛 离美国太近是福是祸,2,-1,5.403495,-2.1259735,-8.600078,0.1355199,Cluster 2
BV152ZVBrELM,他又打破了人类极限，看的我手心冒汗，徒手攀岩续集！《徒手攀岩2》,1400909,42450,3412,9370,746,影视杂谈,他又打破了人类极限 看的我手心冒汗 徒手攀岩续集  徒手攀岩2,0,-1,-1.715491,-3.567126,-1.0164891,4.6225295,Cluster 0
BV153fGB6EG5,快叫你朋友来看七上八下挑战,1616501,30614,1103,846,359,搞笑,快叫你朋友来看七上八下挑战,1,-1,2.393038,0.77168655,-4.7357135,-2.7594094,Cluster 1
BV157fAByEev,“不要为打翻的牛奶哭泣”,617960,40697,526,4468,3095,鬼畜调教,不要为打翻的牛奶哭泣,3,-1,-0.24802956,3.699745,1.6398729,-2.9811137,Cluster 3
BV15bfuBhEBw,当年吓哭小孩的阴影游戏 央视紧急下架所有恐怖视频！,1637824,103386,7490,24533,1726,单机游戏,当年吓哭小孩的阴影游戏 央视紧急下架所有恐怖视频,2,-1,0.31385276,-3.9748013,-3.5609634,1.8335887,Cluster 2
BV15ifiBrEE7,蘑菇房子,1335509,71430,877,21259,1763,单机游戏,蘑菇房子,3,-1,-3.8904912,2.7942502,5.776792,-1.6614883,Cluster 3
BV15KZfBiEQp,【熊人修仙传第三集】敢不敢赌一把？我要自制一部熊出没系列的影视短剧！,782513,99383,39205,25453,3589,鬼畜剧场,熊人修仙传第三集 敢不敢赌一把 我要自制一部熊出没系列的影视短剧,4,-1,-4.433815,-0.5840917,-3.5018125,10.513406,Cluster 4
BV15PfMBfEaZ,和男粉丝约会,343927,12397,618,1923,142,健身,和男粉丝约会,3,-1,-0.9771901,2.6346188,1.9534886,-4.66153,Cluster 3
BV15PfMBfEXd,我遭遇了入室盗窃？,199799,20505,3694,1251,475,日常,我遭遇了入室盗窃,1,-1,3.5351892,4.174601,0.30839205,-6.6224127,Cluster 1
BV15tfCBFENm,哒哒哒～,118847,15105,1906,1214,68,日常,哒哒哒,1,-1,3.1259854,4.0177665,-2.644097,-4.119107,Cluster 1
BV162f5BWE1d,我们将崩铁做入了PvZ！《植物大战僵尸模拟宇宙版》公测宣传片,177981,16464,2287,6042,3190,单机游戏,我们将崩铁做入了PvZ  植物大战僵尸模拟宇宙版 公测宣传片,0,-1,-1.5793593,-5.7442937,-3.098315,4.4459825,Cluster 0
BV164fBBsE9K,【明日方舟终末地】粉色奶龙还是强力冰C？伊冯详细测评及养成指南,127547,8897,1890,1512,204,手机游戏,明日方舟终末地 粉色奶龙还是强力冰C 伊冯详细测评及养成指南,0,-1,-1.5673887,-6.183897,-4.3375316,4.5116043,Cluster 0
BV16afMBzEPd,能把我招进来的公司不简单🧐Pt.1【波比的游戏时间第五章】【Windlight风光】,109344,8318,690,4528,43,日常,能把我招进来的公司不简单 Pt 1 波比的游戏时间第五章  Windlight风光,0,-1,-3.7079887,-1.7885194,-0.08908875,9.733559,Cluster 0
BV16BfgBVE8v,【万字解读】浣熊市旅游指南,193990,8505,2628,4173,722,单机游戏,万字解读 浣熊市旅游指南,3,-1,-1.4566594,-2.0243015,3.8838558,2.9903905,Cluster 3
BV16LZZB6E3Z,重生后，我成了小富婆的电竞经理【第一季完结】,1029176,48207,11897,47616,371,同人·手书,重生后 我成了小富婆的电竞经理 第一季完结,0,-1,-1.2288152,-3.6843727,-0.98968047,8.545465,Cluster 0
BV16pfiBJE5p,过年你们家的亲戚,1694392,62126,647,1354,327,亲子,过年你们家的亲戚,1,-1,0.89204955,4.0530148,2.7779384,-1.5185894,Cluster 1
BV16ufNBZEe9,带好友一起逃离“仙境”，但我创造模式！,919060,89439,12354,25660,770,单机游戏,带好友一起逃离 仙境  但我创造模式,0,-1,-1.9886788,-1.264851,-2.0239985,5.6968102,Cluster 0
BV173fABUE5R,暗信这破跑打机制，除了害我涨助攻，毛用都没有,833914,61641,2635,1684,658,手机游戏,暗信这破跑打机制 除了害我涨助攻 毛用都没有,1,-1,4.0506253,-0.15004295,-3.0869966,-0.28802022,Cluster 1
BV173fNB4ExS,1-44集大合集,125128,12798,1688,15922,237,同人·手书,1 44集大合集,4,-1,-3.6561306,1.2805449,-4.2205424,7.333783,Cluster 4
BV17CZLBHEgN,中国古代起名大法，为什么古人有名又有字，现代人却没了？,2015483,63309,4293,11610,676,人文历史,中国古代起名大法 为什么古人有名又有字 现代人却没了,2,-1,5.713688,-3.3835382,-9.028768,0.083259135,Cluster 2
BV17GfzB9Eiz,我联动了20多个UP主来玩脑叶公司？！（控制部期）,138209,10718,3536,5036,400,网络游戏,我联动了20多个UP主来玩脑叶公司   控制部期,1,-1,2.350169,3.4122756,-0.2659996,-6.377345,Cluster 1
BV17JfuBqEqg,为什么不能在妈妈家过完一整个年啊,2650341,130358,5880,14096,953,搞笑,为什么不能在妈妈家过完一整个年啊,1,-1,5.376672,4.6667376,-2.5518398,-5.1554613,Cluster 1
BV17JfuBqESU,以防你不知道，安全箱13秒时进图会。。。。,1541999,40307,564,3489,521,单机游戏,以防你不知道 安全箱13秒时进图会,1,-1,1.542123,3.301049,0.11032772,-6.940862,Cluster 1
BV17MfqBUEtv,国产饭桌戏，死于开会说教,299501,13562,4432,3128,346,影视杂谈,国产饭桌戏 死于开会说教,3,-1,-0.13204215,-1.0355183,1.1007285,0.7492259,Cluster 3
BV17mZSB2EpZ,无痛清洗，不伤皮肤，不起水泡，不留疤,3901619,44551,833,868,225,日常,无痛清洗 不伤皮肤 不起水泡 不留疤,3,-1,1.1021365,1.636735,1.4803023,-8.501962,Cluster 3
BV17ofTBeEJ3,小韩，给本座把茶泡上,695047,56086,18385,9186,4402,国产原创相关,小韩 给本座把茶泡上,1,-1,2.6641278,4.062956,-0.75638515,-5.177632,Cluster 1
BV17pfuBvEsq,我们在零下30度，听了五首歌｜K-POP 冬日特辑｜声格CreSound,646253,61758,34399,23317,3904,乐评盘点,我们在零下30度 听了五首歌 K POP 冬日特辑 声格CreSound,4,-1,-5.4472747,2.2047007,8.168456,0.38671145,Cluster 4
BV17QfABHENz,《我的刀盾入侵》第二集，寻找七个葫芦。,2755734,38753,1511,46602,98,AI影像,我的刀盾入侵 第二集 寻找七个葫芦,0,-1,-3.8302364,-2.3228352,-0.35820076,7.0838656,Cluster 0
BV17tZDBJEEf,【TF家族练习生】《四一有意思》01：新春夜旅,2978806,86460,9685,35913,2072,明星综合,TF家族练习生  四一有意思 01 新春夜旅,4,-1,-3.9125602,-0.050706312,6.3657217,0.5108665,Cluster 4
BV17WfnBeEpT,把两队全装炸到打暗号，最后对面红透789178%,3185420,179298,4163,34306,8858,网络游戏,把两队全装炸到打暗号 最后对面红透789178,3,-1,-0.70445955,0.14576578,0.5510104,0.4822539,Cluster 3
BV183Z1BREBb,美军最新航母是什么水平？【肯尼迪号详解】,823145,31231,2909,7439,597,科工机械,美军最新航母是什么水平  肯尼迪号详解,2,-1,1.930943,-4.340154,-8.515165,3.0628126,Cluster 2
BV184fqBiEMv,在上海吃卤肉饭，偶遇「消失10年的歌手」？,256010,9253,2454,2560,1622,出行,在上海吃卤肉饭 偶遇 消失10年的歌手,3,-1,-0.4534844,-0.7192933,-2.595784,0.36995497,Cluster 3
BV18BfFBYEw1,AI真懂我的世界？？ 2.0,633788,41263,4209,36707,36,单机游戏,AI真懂我的世界   2 0,4,-1,-3.9264252,2.8123395,7.1814404,-3.6750019,Cluster 4
BV18EZLBBExv,你认为高中学的什么科目最没用？,259612,14629,535,2233,237,校园学习,你认为高中学的什么科目最没用,1,-1,4.9364634,1.3787615,-9.7940445,-1.8742201,Cluster 1
BV18ifuBdEJN,你好，可以邀请你一起吃年夜饭吗？,1463665,129235,20067,19127,1812,搞笑,你好 可以邀请你一起吃年夜饭吗,1,-1,2.79204,2.5070632,-0.09585083,-2.8187027,Cluster 1
BV18jfJBJEpW,2天骑行500公里有什么不可能的！！,3151890,450015,15205,17139,2489,出行,2天骑行500公里有什么不可能的,1,-1,5.1246023,2.0819342,-6.51613,-4.9860563,Cluster 1
BV18MfPB6EUC,十年后唱给机器人的《恭喜发财》,1414005,97513,4059,12153,8626,人力VOCALOID,十年后唱给机器人的 恭喜发财,3,-1,-0.16372119,0.27881503,0.80679995,-0.5585648,Cluster 3
BV18ofkBnEsp,【终末地密境行者】密境行者全宝箱三星攻略丨宝箱丨秘境行者丨攻略丨三星完美通关丨明日方舟终末地,81814,6157,1119,2739,219,手机游戏,终末地密境行者 密境行者全宝箱三星攻略丨宝箱丨秘境行者丨攻略丨三星完美通关丨明日方舟终末地,0,-1,-0.6992001,-3.5934718,-4.333674,4.750207,Cluster 0
BV18pZ7BCEiy,《高 撕》,1704275,131669,57331,37376,1611,综艺,高 撕,3,-1,-2.1052504,4.355949,4.2336016,-4.6415114,Cluster 3
BV18rfwBuE2v,【货币战争攻略】试用灵砂A830竟能把把游龙乱杀？灵砂标准出装配队思路解析！击破的版本答案！砂姐真王朝了 灵砂不是区！,492986,34400,3183,12871,5355,手机游戏,货币战争攻略 试用灵砂A830竟能把把游龙乱杀 灵砂标准出装配队思路解析 击破的版本答案 砂姐真王朝了 灵砂不是区,2,-1,1.556169,-6.4901066,-4.7356024,3.8289375,Cluster 2
BV18rfwBuEmw,10年前新生代奥特曼最强单元回是怎么拍出来的？原来，这部动画影响了田口那么多…【THE ULTRAMAN X-FILES】,214061,18620,10425,6490,669,特摄,10年前新生代奥特曼最强单元回是怎么拍出来的 原来 这部动画影响了田口那么多  THE ULTRAMAN X FILES,4,-1,0.5773747,-0.6848795,10.128201,-2.610442,Cluster 4
BV194fEBXEbS,秘密基地里来了一个特殊的孩子！,2902619,332345,232971,36228,1373,亲子,秘密基地里来了一个特殊的孩子,1,-1,1.6169045,0.9212085,-2.1926162,-6.7724094,Cluster 1
BV19cfBBGERa,【明日方舟】阿米娅：你这个偷腥猫🐱🐱🐱,28242,5889,1209,1477,122,同人·手书,明日方舟 阿米娅 你这个偷腥猫,0,-1,-2.5846927,0.07556885,0.9535426,1.9003042,Cluster 0
BV19CfKBWEv9,白子哈气了,1049151,86931,998,14787,3274,宅舞,白子哈气了,1,-1,1.8926677,3.2708845,-0.8669692,-4.972134,Cluster 1
BV19eZDB5EZX,出土文物。,1298223,87189,1100,8680,1435,汽车生活,出土文物,3,-1,-0.4046037,1.479221,6.2198825,-2.8457477,Cluster 3
BV19nfzBEEZw,你不会是我老板的妈妈吧？,264865,24440,635,6998,112,美妆护肤,你不会是我老板的妈妈吧,1,-1,4.274267,5.1541586,-2.519814,-5.0974693,Cluster 1
BV19rZXB7ELK,王者也是好起来了，过年期间竟然能匹配到这么多真人,2144834,100278,3368,2871,1359,手机游戏,王者也是好起来了 过年期间竟然能匹配到这么多真人,2,-1,5.6871276,-2.7705598,-5.1755795,-0.08246056,Cluster 2
BV19tZWBeEBG,活着出来就给你100块，世界最危险的游乐场，你敢玩吗,715517,21615,836,7134,285,人文历史,活着出来就给你100块 世界最危险的游乐场 你敢玩吗,2,-1,7.453096,-3.135776,-8.173425,-0.4402986,Cluster 2
BV19VfyBtECZ,【Bad apple × BA】“Bad Archive!!”（完整版）,89884,20955,6836,9132,1011,MAD·AMV,Bad apple   BA  Bad Archive    完整版,4,-1,-3.6683722,1.323121,8.293824,-0.15973112,Cluster 4
BV19wfBBrEHE,【终末地】打桩战神！公测大改强度如何？伊冯保姆级攻略！武器配队 装备 专武 技能 抽卡 潜能 明日方舟终末地,92407,3384,1296,1193,184,手机游戏,终末地 打桩战神 公测大改强度如何 伊冯保姆级攻略 武器配队 装备 专武 技能 抽卡 潜能 明日方舟终末地,0,-1,-2.2574153,-6.8008113,-4.329495,4.650159,Cluster 0
BV1A5fpBEEhW,蛋仔派对：用门分家？一头是我，另一头是秀儿！,3066152,36816,1875,43420,41,手机游戏,蛋仔派对 用门分家 一头是我 另一头是秀儿,1,-1,0.096598506,1.6609514,0.8082469,-2.623494,Cluster 1
BV1aAZrByEGT,苹果味饮品为何突然爆发？【暗中观察425】IC实验室,951813,26321,2695,8617,3255,人文历史,苹果味饮品为何突然爆发  暗中观察425 IC实验室,4,-1,-3.2185931,-0.10492647,3.824912,4.3082952,Cluster 4
BV1AbfMBkEx7,爱弥斯的大胜利,137228,12616,3258,4091,842,单机游戏,爱弥斯的大胜利,3,-1,-4.3911905,1.8576789,6.006018,-2.9630404,Cluster 3
BV1ACfNBvEbg,周杰伦《霍元甲》每唱一个“霍”字就加速0.1倍,706108,64213,1345,8278,4823,娱乐粉丝创作,周杰伦 霍元甲 每唱一个 霍 字就加速0 1倍,4,-1,-3.429068,0.32737684,6.74998,4.042118,Cluster 4
BV1aDf7BEEN6,所以，职业选手也在用的“技巧”其实是多年未修的bug？,1173695,28984,2957,11460,1762,电子竞技,所以 职业选手也在用的 技巧 其实是多年未修的bug,1,-1,2.003773,2.9542987,-0.19933742,-7.1535835,Cluster 1
BV1aDfMB4EWF,三角洲干员专属BGM排行,939225,43752,1328,42603,141,单机游戏,三角洲干员专属BGM排行,4,-1,-3.758373,1.1233013,5.9694157,1.54382,Cluster 4
BV1AmfrBBEzV,【熊人修仙传第四集】敢不敢赌一把？我在自制一部熊出没系列的影视短剧！,165451,20654,10297,3888,690,鬼畜剧场,熊人修仙传第四集 敢不敢赌一把 我在自制一部熊出没系列的影视短剧,4,-1,-4.1541405,-0.60764015,-3.4896402,10.496399,Cluster 4
BV1AmfTB6Ejb,这小猫太可怜了,151866,13804,682,592,316,喵星人,这小猫太可怜了,1,-1,4.742564,2.7703428,-3.2921233,-4.193631,Cluster 1
BV1aPfPBVEo1,这就是行驶了一百万公里的的发动机,308097,11312,722,1361,412,汽车生活,这就是行驶了一百万公里的的发动机,1,-1,3.4276822,3.714824,-0.3522514,-7.413601,Cluster 1
BV1APZyBrE5j,“带你沉浸式体验半夜偷吃的惊险时刻”第36集,1745627,184874,15672,45170,332,日常,带你沉浸式体验半夜偷吃的惊险时刻 第36集,0,-1,-2.158758,-2.0784676,-1.4149207,8.14583,Cluster 0
BV1aSZeBFEVM,携手哥哥姐姐弟弟妹妹们给大家拜年啦！,968015,89341,8484,15370,1190,小剧场,携手哥哥姐姐弟弟妹妹们给大家拜年啦,1,-1,2.3914921,2.1029897,-2.9948413,-1.615269,Cluster 1
BV1atZWBeEbx,某些吃播博主成名之后,2346482,83180,822,3309,302,美食记录,某些吃播博主成名之后,3,-1,-1.2066813,1.5900052,3.5564318,-0.27487245,Cluster 3
BV1avfFBvEn7,大哥和汉堡杂交了！？,890365,39266,794,2489,666,单机游戏,大哥和汉堡杂交了,1,-1,1.1174114,3.0146613,-2.0368383,-6.343579,Cluster 1
BV1azfiBBEWT,一万转干他！？兰博基尼疯了...,126508,7750,1108,1265,169,汽车生活,一万转干他  兰博基尼疯了,1,-1,2.1837497,1.049131,0.23104285,-1.3258375,Cluster 1
BV1B1cszQELh,当班里来了个可怜人（四）年纪第一还是有实力的！李信本局Mvp太好看了啊啊啊啊,540193,44133,844,5791,190,搞笑,当班里来了个可怜人 四 年纪第一还是有实力的 李信本局Mvp太好看了啊啊啊啊,1,-1,2.4782534,-0.68135273,-3.0849385,-2.517341,Cluster 1
BV1B3fqB2EvH,速通终末地送货,188805,23132,995,1588,499,单机游戏,速通终末地送货,3,-1,-1.9935162,2.61733,4.1725063,-5.2689023,Cluster 3
BV1B4fiB2E9u,大转盘系列堂堂更新！失去了寒假😭也没留住机密😭【暗区突围对局解说】,76936,13399,6088,3560,48,日常,大转盘系列堂堂更新 失去了寒假 也没留住机密  暗区突围对局解说,0,-1,-4.352961,-5.0342803,-0.37126738,5.7242203,Cluster 0
BV1B4fiB2EK7,T1决定不来！10年后再创队史唯二记录，亚运会新教练公布，为什么会选他？【赛事周刊】,385137,9972,1044,1616,208,电子竞技,T1决定不来 10年后再创队史唯二记录 亚运会新教练公布 为什么会选他  赛事周刊,4,-1,-4.7386184,-0.16330256,4.218482,6.122814,Cluster 4
BV1b5Z1BXESg,这样掏心窝子的姐妹情这辈子不会再有了,4582858,149912,1541,9819,1789,网络游戏,这样掏心窝子的姐妹情这辈子不会再有了,1,-1,7.2623477,1.4315132,-3.4997113,-3.853125,Cluster 1
BV1B8fPBsEdp,原摄玩家镜头下，你想象不到的千星奇域……,191259,20420,1194,4097,245,手机游戏,原摄玩家镜头下 你想象不到的千星奇域,2,-1,1.2805,-4.0964475,-4.24196,1.9882239,Cluster 2
BV1bbfqBNEpj,反美的美国最高法裁定特朗普关税政策不合法,870459,60114,7731,7470,799,社科·法律·心理,反美的美国最高法裁定特朗普关税政策不合法,3,-1,-0.20895828,0.20221142,4.0338807,2.072199,Cluster 3
BV1bbZ9BLEKJ,【2026浙江卫视春节晚会】岳云鹏《上春山》,2190523,99650,17834,14183,29159,社会,2026浙江卫视春节晚会 岳云鹏 上春山,4,-1,-5.0068088,-0.9805703,-3.5987184,9.250989,Cluster 4
BV1bbZQBqEuF,骑电动车3400多公里回家最后一天,1968366,77546,34337,12444,2212,出行,骑电动车3400多公里回家最后一天,1,-1,3.09587,-0.006364776,-6.369997,-5.524009,Cluster 1
BV1bCfFBFEnb,碰见这种鱼到底能不能吃？看完视频就知道了。,4180788,345174,30674,40237,1049,动态漫·广播剧,碰见这种鱼到底能不能吃 看完视频就知道了,2,-1,7.611734,-3.6528177,-7.493444,-0.8876679,Cluster 2
BV1BCfHBzEP3,《传闻就是因为这把游戏，他们才分开的》,726513,43119,995,5271,3076,日常,传闻就是因为这把游戏 他们才分开的,1,-1,0.31279558,3.5851722,0.7229965,-7.267006,Cluster 1
BV1bEfHBdEwe,"以防你忘了,原型体之前假装小男孩骗我感情😭",385566,21840,684,10289,844,影视剪辑,以防你忘了 原型体之前假装小男孩骗我感情,3,-1,-1.9996563,1.4811918,-0.23537166,-0.1205615,Cluster 3
BV1befzBzEqa,勇哥餐饮：抓住家是本巨大历史机遇！【神奇组织11】,566402,24352,696,2615,448,人文历史,勇哥餐饮 抓住家是本巨大历史机遇  神奇组织11,1,-1,2.8864422,0.4262133,2.9172504,-6.9219475,Cluster 1
BV1BEZZBBE3w,三角洲 你已急哭,964839,50155,834,22453,3447,网络游戏,三角洲 你已急哭,3,-1,-0.39444524,2.2346334,3.5649903,-2.811418,Cluster 3
BV1Bmf5BXE45,我能在逗笑考官的同时通过护航考核吗?#4初心纯女电竞,2691561,94140,11780,22013,12784,网络游戏,我能在逗笑考官的同时通过护航考核吗  4初心纯女电竞,2,-1,2.1079283,-0.97563785,-3.8194344,-2.3716233,Cluster 2
BV1bPf1BWEMF,【辞岁行】TA-S-1突袭至TA-MO-1 摆完挂机 简单好抄 明日方舟 萧然,167663,5711,2673,1904,160,手机游戏,辞岁行 TA S 1突袭至TA MO 1 摆完挂机 简单好抄 明日方舟 萧然,0,-1,-1.1707494,-2.25456,-1.3490603,2.4983258,Cluster 0
BV1Bvf6BoE5N,1006身份被揭晓！全球玩具实验还在继续！《波比的游戏时间》第五章全收集剧情讲解,104649,8697,2266,4454,146,单机游戏,1006身份被揭晓 全球玩具实验还在继续  波比的游戏时间 第五章全收集剧情讲解,0,-1,-2.1266608,-5.6428604,-0.8792527,7.4978604,Cluster 0
BV1bXfBBqEq8,暴雪暴雨来了：南方大范围降雨启动，北方多省还有多场雪,286184,16522,754,968,1103,科学科普,暴雪暴雨来了 南方大范围降雨启动 北方多省还有多场雪,2,-1,1.5064614,-3.171125,4.4313774,2.5577,Cluster 2
BV1bXfBBqEQK,第一次在芬兰市中心开中国春节美食餐车引爆街头！摆摊卖煎饺茄盒各国老外狂抢场面太疯狂！大排长龙全场爆笑庆春节！,1120886,67903,50598,14080,585,美食记录,第一次在芬兰市中心开中国春节美食餐车引爆街头 摆摊卖煎饺茄盒各国老外狂抢场面太疯狂 大排长龙全场爆笑庆春节,4,-1,0.32077622,-3.4798925,3.314963,1.3232272,Cluster 4
BV1bXfBBqEyw,爆头击杀直接吃鸡？！他真的变强了，直播间10W人都不能接受！,482614,15869,1805,1395,1010,电子竞技,爆头击杀直接吃鸡  他真的变强了 直播间10W人都不能接受,2,-1,5.2444706,-4.2386813,-5.0231967,0.015118701,Cluster 2
BV1bXfKB7E8o,被误解？但也不冤！一口气把尼古丁的危害讲清楚【药不能停4】,102613,5184,1328,2179,402,科学科普,被误解 但也不冤 一口气把尼古丁的危害讲清楚 药不能停4,3,-1,2.42876,-0.52865976,1.6919395,-0.36591637,Cluster 3
BV1BxfwBJEBy,1岁半萌娃第一次过年回乡，看到外婆蒸的大白馒头，肉嘟嘟的小脸贴上去啃咬。网友：过年该有的天伦之乐！,2034279,86761,951,3438,1997,日常,1岁半萌娃第一次过年回乡 看到外婆蒸的大白馒头 肉嘟嘟的小脸贴上去啃咬 网友 过年该有的天伦之乐,2,-1,4.345004,-4.1140904,-6.1708894,-0.19276063,Cluster 2
BV1BYZaBAEK1,总是花钱跑刀？学会思路把把百万不是梦！,1632094,72284,9425,30554,420,日常,总是花钱跑刀 学会思路把把百万不是梦,3,-1,0.87149054,1.4818791,0.45129284,-1.3042951,Cluster 3
BV1bzfuB9EWk,【家有神兽】三战第八集：空降兵收复失地准备！雷神特种部队敌后渗透【干杯动画剧场】,888922,71004,38824,21501,4008,影视杂谈,家有神兽 三战第八集 空降兵收复失地准备 雷神特种部队敌后渗透 干杯动画剧场,0,-1,-6.6281743,-1.9997029,0.4068102,7.6411347,Cluster 0
BV1C1fEB6ER5,美国最强廉价路边摊！警察最爱！5元一份有多离谱？,658444,27050,4783,3440,678,美食侦探,美国最强廉价路边摊 警察最爱 5元一份有多离谱,2,-1,6.957147,-3.7950072,-8.198618,-0.56442076,Cluster 2
BV1c5fnB6ELb,我会逆转这注定会失败绝望的残局,709351,57411,2421,7182,1902,网络游戏,我会逆转这注定会失败绝望的残局,3,-1,-0.52698463,0.66369826,-0.9538914,0.8327764,Cluster 3
BV1c9ZvBjEar,这次不是挑战，小秋自己又写了一篇作文给所有网友,683431,143368,70810,27791,1502,日常,这次不是挑战 小秋自己又写了一篇作文给所有网友,1,-1,3.851903,0.5754381,-1.7645593,-1.6838241,Cluster 1
BV1cBfcBWECX,“别急！后面还有糕手……”,518966,25175,1128,1445,129,手机游戏,别急 后面还有糕手,1,-1,2.2774687,4.422465,-0.55552125,-4.8911924,Cluster 1
BV1cDfzBZEjs,【流浪者】新超凡英雄老玩家直接白嫖！西里乌斯机制深度解析丨荒野乱斗,120580,7343,939,746,1196,手机游戏,流浪者 新超凡英雄老玩家直接白嫖 西里乌斯机制深度解析丨荒野乱斗,2,-1,1.4483403,-7.461394,-4.804096,3.315394,Cluster 2
BV1CffiBREGB,当lao shi是你哥们时,1385242,110473,6485,11426,1034,小剧场,当lao shi是你哥们时,1,-1,2.0212407,4.1145024,0.36242697,-3.2379363,Cluster 1
BV1chfMB3E7d,米兰工作花絮2｜小王记者从米兰前方发回了vlog,313432,21417,4657,3404,497,日常,米兰工作花絮2 小王记者从米兰前方发回了vlog,1,-1,-0.5977534,2.2096312,-1.5809164,-8.491953,Cluster 1
BV1cJFbzAEY8,被雪王家族夹着打4年，未倒闭，还能怎样优化？（精简版）,366233,28671,526,2007,629,日常,被雪王家族夹着打4年 未倒闭 还能怎样优化  精简版,2,-1,1.5829109,-2.5214674,-3.6595669,2.167713,Cluster 2
BV1ckfABtEBZ,《明日方舟：终末地》干员叙事 [伊冯：完美笑容算法],4008024,75543,9157,12797,10421,手机游戏,明日方舟 终末地 干员叙事  伊冯 完美笑容算法,0,-1,-3.6241348,-2.6610856,0.7399077,4.671199,Cluster 0
BV1ckfABtEi8,人生建议：不要与母亲结盟攻击父亲,550251,29676,2227,14260,2490,社科·法律·心理,人生建议 不要与母亲结盟攻击父亲,3,-1,-1.2112683,0.5844144,0.83061534,-1.1272507,Cluster 3
BV1CNfzBbEY5,深挖宇树机器人春晚背后的23个算法,135557,3945,997,3037,740,校园学习,深挖宇树机器人春晚背后的23个算法,2,-1,5.184359,-4.66637,-8.454938,0.7602645,Cluster 2
BV1cqZfBLEBh,我的世界所有方块消失，只剩下基岩！这怎么生存？,3987253,129436,11824,75406,249,网络游戏,我的世界所有方块消失 只剩下基岩 这怎么生存,0,-1,0.23424268,-1.532779,-2.6004632,5.8384676,Cluster 0
BV1cRfCBrEMh,黑神话导演制作！影之刃零也要做动画短片？,136532,6491,751,2115,376,单机游戏,黑神话导演制作 影之刃零也要做动画短片,0,-1,-5.2382584,-0.87423164,0.26374894,8.57358,Cluster 0
BV1CsZeBjEmJ,“开机没有？我们有很多很多话想对你说！”,1367683,552304,106585,22682,1565,科工机械,开机没有 我们有很多很多话想对你说,1,-1,1.7981768,1.545586,-1.3327736,-2.1691334,Cluster 1
BV1CtfMBGEG8,泰拉瑞亚 新版生存 3,159560,19703,7644,2446,273,单机游戏,泰拉瑞亚 新版生存 3,0,-1,-4.7747583,-2.7899342,-1.0391046,6.7921863,Cluster 0
BV1CWfKBTEUe,复制铜镜，逆转未来第七集,1220725,32143,3073,23928,301,特摄,复制铜镜 逆转未来第七集,0,-1,-6.055137,-1.6535447,-0.16216542,7.85217,Cluster 0
BV1CYfHBjEEQ,【星铁欢愉曲】花火续火花（手机掉床缝里了）,286915,58100,14026,29760,5843,翻唱,星铁欢愉曲 花火续火花 手机掉床缝里了,3,-1,-1.8858129,1.1484897,0.8812036,-0.7431198,Cluster 3
BV1cZf3BJEDR,春节在家，选择一张床睡够三晚，赢得五百万,1708125,36204,525,2120,247,搞笑,春节在家 选择一张床睡够三晚 赢得五百万,3,-1,0.4480521,-2.17132,2.407669,0.9081182,Cluster 3
BV1cZfCBzEev,三个人，如何抛硬币决胜负？,246560,29239,2319,3255,654,科学科普,三个人 如何抛硬币决胜负,3,-1,-0.03888177,-1.7154782,-2.0435164,4.6536365,Cluster 3
BV1D3fKBLEse,⚡我已经一分钟没听济公的故事了⚡,106009,21858,3356,6146,389,人力VOCALOID,我已经一分钟没听济公的故事了,1,-1,3.2505867,4.2397037,-1.9505554,-4.871191,Cluster 1
BV1D4f5BTEE8,万米高空燃油归零，飞机失去所有动力，机上69人如何才能生还,333954,16204,3172,4126,400,人文历史,万米高空燃油归零 飞机失去所有动力 机上69人如何才能生还,2,-1,1.5432593,-3.7771008,-8.561582,2.906232,Cluster 2
BV1d5Z6B7EnA,2026春晚Remix📀,3149676,300063,22073,50780,9887,音MAD,2026春晚Remix,4,-1,-3.4810395,2.7497063,6.778656,-1.294492,Cluster 4
BV1d9cLzxEbc,再也不是没猫要的野人啦！,4678316,319073,13158,49690,14188,同人·手书,再也不是没猫要的野人啦,1,-1,3.903199,1.1775627,-4.6459184,-1.988339,Cluster 1
BV1D9fMBsEXR,中配狮心王理查？Ex Calibur！,1824819,123527,4448,18139,2250,配音,中配狮心王理查 Ex Calibur,4,-1,-4.1547933,1.570642,3.9845097,4.840932,Cluster 4
BV1DbfjBCEPn,🐧忧郁的企鹅🐧,676064,121967,2764,27154,6190,特摄,忧郁的企鹅,3,-1,-4.3012056,2.2972317,5.4281144,-1.9783319,Cluster 3
BV1DgfMB9ExA,为什么洗澡能让你“换个脑子”？,215404,11407,579,5141,431,科学科普,为什么洗澡能让你 换个脑子,2,-1,7.018961,-0.6508126,-9.413041,-1.3113911,Cluster 2
BV1DMfBBqEJJ,融合植物435：超时空撑杆僵尸！,154753,9456,939,1002,290,单机游戏,融合植物435 超时空撑杆僵尸,0,-1,-5.6194744,-1.322536,0.84003425,6.339784,Cluster 0
BV1dmfcBLEr1,什么人称得上西方秦始皇，欧洲之父？ 3万字详解西方的千古一帝查理曼【查理曼总集篇】,338068,14959,3900,6294,424,人文历史,什么人称得上西方秦始皇 欧洲之父  3万字详解西方的千古一帝查理曼 查理曼总集篇,2,-1,3.7596896,-5.155053,-5.607458,2.1381474,Cluster 2
BV1DMfKB7EqD,麦晓雯提醒您今天是蜂医生日,262041,31347,2390,8114,331,同人·手书,麦晓雯提醒您今天是蜂医生日,1,-1,-0.16521513,2.3276248,2.3845863,-2.5633793,Cluster 1
BV1DMZ3BfED2,【TF家族】《新春荣耀大作战》EP1,8794565,199013,40579,82312,12430,明星综合,TF家族  新春荣耀大作战 EP1,4,-1,-5.614966,1.7391301,6.594875,0.4391013,Cluster 4
BV1Dnc4z2Evb,第一次悬崖跳水，先扔救生圈没错吧？,3426124,67227,625,1187,122,极客DIY,第一次悬崖跳水 先扔救生圈没错吧,1,-1,5.2808666,2.3233502,-3.9983811,-4.4926724,Cluster 1
BV1dofNBREZy,《大爱仙尊》动画第30节【方源！你又来抢？】【B站AI创作大赛-开放赛道】,292857,50488,18283,14125,2357,小剧场,大爱仙尊 动画第30节 方源 你又来抢   B站AI创作大赛 开放赛道,4,-1,-6.541511,-1.38379,4.244269,6.6718764,Cluster 4
BV1dPfMBZE3p,本以为是1部喜剧，没想到有4个鬼，可看到最后竟然泪流满面,217516,9604,717,1948,171,影视杂谈,本以为是1部喜剧 没想到有4个鬼 可看到最后竟然泪流满面,1,-1,1.4091064,0.80745095,-4.2892175,-8.434055,Cluster 1
BV1dQfcBkEeK,《家谁》,1019304,112188,1944,5201,1447,搞笑,家谁,3,-1,-0.57183844,5.421517,3.4154365,-4.7236643,Cluster 3
BV1DQfMBdE4A,狗族大圣：尊上！！救我！！！,1379451,93067,1092,20551,655,搞笑,狗族大圣 尊上  救我,3,-1,-0.864511,1.5591453,8.228332,-1.4254613,Cluster 3
BV1dRfqBjEXW,随机数科普：理论上，可以借助铲子让玉米单杀红眼？,322835,13474,800,3567,722,单机游戏,随机数科普 理论上 可以借助铲子让玉米单杀红眼,3,-1,-2.6058228,-0.6184641,6.1744504,-4.462556,Cluster 3
BV1DrZDBzEW3,【星尘原创摇滚】无病呻吟人生指南。,231559,59007,12332,29904,1857,VOCALOID·UTAU,星尘原创摇滚 无病呻吟人生指南,4,-1,-4.1161304,-1.1070628,-1.7128077,9.702335,Cluster 4
BV1drZeBvEG1,画狗,7187774,332133,4260,19955,7432,汪星人,画狗,3,-1,-2.5689993,4.002233,5.1501417,-2.352949,Cluster 3
BV1dSZfBKEA9,零上55°C和零下55°C，对人类来说哪个更难以适应？,1732554,27855,588,5165,194,科学科普,零上55 C和零下55 C 对人类来说哪个更难以适应,3,-1,-0.49030945,1.8158016,8.558573,-4.1992116,Cluster 3
BV1dTfcBCEHn,最帅的一集！勇者神箭！目前皇室设计最有诚意的一张勇者卡！强大好用且需要一些脑子【皇室战争】,431919,28728,720,1306,4293,手机游戏,最帅的一集 勇者神箭 目前皇室设计最有诚意的一张勇者卡 强大好用且需要一些脑子 皇室战争,0,-1,-4.666345,-3.7906697,-0.16158026,6.18558,Cluster 0
BV1DtfjB5EE6,天气炎热，埃及塘鲺扎堆出现，有点难以招架,546125,22995,1003,1787,244,三农,天气炎热 埃及塘鲺扎堆出现 有点难以招架,3,-1,0.28683335,-0.9493929,4.9783607,1.613481,Cluster 3
BV1DTfPBgEhd,山姆新品大测评，量大管饱，结尾还有粉丝惊喜！,655230,19022,2943,3374,1263,美食记录,山姆新品大测评 量大管饱 结尾还有粉丝惊喜,2,-1,3.5335474,-4.1709414,-5.171687,-1.2911681,Cluster 2
BV1dtZjBnE5A,歪比巴卜,5060043,227859,3285,35404,21286,小剧场,歪比巴卜,3,-1,-3.7131572,2.8666463,6.434678,-5.6133046,Cluster 3
BV1dUfcByE2J,粉丝版！开吃！（咱下次留两个字名字好不好～）,887495,53843,942,3287,407,三农,粉丝版 开吃  咱下次留两个字名字好不好,1,-1,3.092884,0.4759864,-3.4255342,-1.9920176,Cluster 1
BV1dXZKBWEXS,连跑十把绝密航天都会经历什么46,638505,13088,979,4475,270,网络游戏,连跑十把绝密航天都会经历什么46,2,-1,5.3103657,-1.7194161,-8.262166,-0.092526585,Cluster 2
BV1DXZoBxE9W,【熊岭末路行】赌成了！我真要自制一部熊出没影视剧！,3106419,73074,7299,71367,400,特摄,熊岭末路行 赌成了 我真要自制一部熊出没影视剧,4,-1,-3.3366854,-1.5076753,2.526872,6.7996855,Cluster 4
BV1dZfqB5Eew,“压制”,550086,19896,787,5913,60,搞笑,压制,3,-1,-0.87724376,3.3546436,4.5440702,-5.3061,Cluster 3
BV1E3fNB4E5A,【TF家族练习生】《TLOG》03：《川渝春晚》幕后花絮,844688,31859,2578,10253,445,明星综合,TF家族练习生  TLOG 03  川渝春晚 幕后花絮,4,-1,-5.2094517,-1.0735409,7.799141,0.4291712,Cluster 4
BV1E3fNB4EMM,我通关了远古版本【饥饿鲨进化】13年前的饥饿鲨居然长这样？？,898358,55149,6696,7223,244,单机游戏,我通关了远古版本 饥饿鲨进化 13年前的饥饿鲨居然长这样,2,-1,6.66674,-4.851731,-6.565775,0.45269817,Cluster 2
BV1E3ZhBbEEF,一口气看完方块战争矿石篇,828035,57818,5631,18348,3773,网络游戏,一口气看完方块战争矿石篇,2,-1,1.9080529,-3.3149118,-4.734775,2.337618,Cluster 2
BV1E3ZYBTEzh,“当年想出这个镜头的真是个天才！”【春节档观察团】,5092554,286596,7949,39834,2570,影视剪辑,当年想出这个镜头的真是个天才   春节档观察团,1,-1,0.5277724,1.3170917,-1.8928357,-2.3636312,Cluster 1
BV1E5fzBpEq5,寿司还能吃自助？日本已经没有人类了👋🏻,346675,27800,1041,2375,393,美食侦探,寿司还能吃自助 日本已经没有人类了,2,-1,6.6840253,-2.2857842,-8.057286,-0.97709846,Cluster 2
BV1eAfKBQETL,Mygo 抖肩舞,652707,102047,3731,32433,6025,绘画,Mygo 抖肩舞,4,-1,-4.899885,3.5829613,5.2978406,-3.3953395,Cluster 4
BV1eAZ1BcER6,“月老喝醉财神来配”,1070634,97271,11102,28593,2680,MAD·AMV,月老喝醉财神来配,1,-1,2.156689,2.9693189,-0.031225514,-3.8908696,Cluster 1
BV1EgfqB7EgX,刀锋上的不是锈，是岁月。,2029587,113363,2652,11636,1343,日常,刀锋上的不是锈 是岁月,1,-1,3.1649714,1.2100165,-0.69317716,-3.283479,Cluster 1
BV1EGfzBREBQ,你的2026,278501,57180,1514,4512,190,MMD·3D,你的2026,4,-1,-2.2296245,2.4789367,6.8165383,-1.6518444,Cluster 4
BV1EgZkBfEAR,我造了一艘号称超级战舰的阿利伯克模型去破冰，没想到沉的那么干脆！,1390402,23108,1355,15073,220,极客DIY,我造了一艘号称超级战舰的阿利伯克模型去破冰 没想到沉的那么干脆,1,-1,4.9039025,1.1579858,-4.290332,-4.7022734,Cluster 1
BV1ehfFBMEvd,复活牢二总被闪击？主播教你跑刀清图得吃大红！,839367,46996,2859,11056,320,手机游戏,复活牢二总被闪击 主播教你跑刀清图得吃大红,2,-1,1.9065083,-5.6758714,-4.4733415,2.809751,Cluster 2
BV1EhZrBxEKf,我的自卑杀死了我的青春，以至于等它结束，我都没反应过来自己已经是个成年人了。,580049,58791,11493,43518,2324,日常,我的自卑杀死了我的青春 以至于等它结束 我都没反应过来自己已经是个成年人了,1,-1,4.1504354,2.8814337,-3.3992019,-7.1082196,Cluster 1
BV1EhZrBxEKq,赛博人物志 -八级钳工5,1422398,48486,521,2599,402,鬼畜调教,赛博人物志  八级钳工5,4,-1,-4.819623,-0.21843998,2.859997,5.2840123,Cluster 4
BV1EHZzB9EYA,直击米兰冬奥会！中国队对比赛现场，居然可以吃到这个？？,822606,34550,17031,8436,847,出行,直击米兰冬奥会 中国队对比赛现场 居然可以吃到这个,2,-1,7.5617185,-3.6089497,-7.6625414,-0.9460714,Cluster 2
BV1EifJBiEuh,MC速通排位周赛世界第一，中国第二,634908,56602,1529,5768,3058,网络游戏,MC速通排位周赛世界第一 中国第二,4,-1,-3.7443266,-1.1740099,4.752002,7.175043,Cluster 4
BV1EJfCBvEfk,【终末地】伊冯攻略 超详细配队解析 细节养成作业+进阶技巧,124154,10895,1449,1648,279,手机游戏,终末地 伊冯攻略 超详细配队解析 细节养成作业 进阶技巧,2,-1,1.5629724,-6.441314,-4.712373,3.907807,Cluster 2
BV1EmfcBjEgX,【FNF X 说谎的马卡龙】feat.girlfriend/重音テト,237317,31644,2287,11979,925,音游,FNF X 说谎的马卡龙 feat girlfriend 重音,4,-1,-5.9228573,-0.62420815,-3.4645104,8.424802,Cluster 4
BV1EMfqBUEaj,“如你所见，这款游戏真的在慢慢变好”——【鸣潮2025全版本混剪】,91605,12069,2637,5470,1008,GMV,如你所见 这款游戏真的在慢慢变好    鸣潮2025全版本混剪,0,-1,-4.37938,0.048137296,0.53776383,5.134239,Cluster 0
BV1EPfyBvEEq,“当年陈刀仔用20块赢到3700万，如今我8块钱D出三星昔涟不是问题！”,142976,13476,3723,1166,160,手机游戏,当年陈刀仔用20块赢到3700万 如今我8块钱D出三星昔涟不是问题,2,-1,4.088225,-1.2273566,-8.9646015,1.0857371,Cluster 2
BV1esfzB1EGM,这么多健身博主，该听谁的？,137667,6043,1788,1816,119,日常,这么多健身博主 该听谁的,2,-1,6.692951,-0.51194656,-7.1022463,-2.0800543,Cluster 2
BV1ETfABHE7m,"""王者荣耀中最最最有用的尸体!""",230145,14673,4563,2290,310,原创音乐,王者荣耀中最最最有用的尸体,2,-1,3.1972618,-4.8875976,-6.1148896,2.8622315,Cluster 2
BV1ETfqBJEfx,某海外华人歌手想悄悄复出，结果事与愿违,135040,12794,2317,664,124,日常,某海外华人歌手想悄悄复出 结果事与愿违,2,-1,4.0704303,-2.495661,-7.1715837,1.3302866,Cluster 2
BV1Euc7zPEfr,《 过 年 身 体 现 状 》,1606842,114536,24354,60889,823,搞笑,过 年 身 体 现 状,3,-1,-1.5314723,1.5180538,3.369237,-1.1434774,Cluster 3
BV1eyf6BDEY7,暖男giegie正式升级为4.0版本啦,77459,8981,3213,651,144,美食记录,暖男giegie正式升级为4 0版本啦,2,-1,2.1614232,-1.8021046,-4.7315464,-1.556609,Cluster 2
BV1F1fABxE2Q,十万粉丝女装！天才赛伊德！,613735,91640,54100,12878,544,网络游戏,十万粉丝女装 天才赛伊德,0,-1,-0.7592609,-2.591776,0.90532833,1.7871945,Cluster 0
BV1F1fABxEtr,"他们说我有臆想症,却不知道这是我唯一见你的方式",149523,24657,777,3096,257,小剧场,他们说我有臆想症 却不知道这是我唯一见你的方式,1,-1,0.9731881,3.9069486,-3.4433262,-7.307163,Cluster 1
BV1f2fqBQEmz,灵魂狂响 - 2026 无畏契约圣地亚哥大师赛短片,126630,5608,582,849,2175,MAD·AMV,灵魂狂响   2026 无畏契约圣地亚哥大师赛短片,4,-1,-5.842469,-2.0522935,3.830617,6.912221,Cluster 4
BV1fbfiBLEUz,黑 料 扎 堆 ！,318560,39952,4053,8450,712,搞笑,黑 料 扎 堆,3,-1,-1.1705676,1.9188833,4.442847,-4.2769103,Cluster 3
BV1FDfTBBEC8,😨读    评    论😨,324824,14757,4355,3841,218,日常,读    评    论,3,-1,-2.1887813,3.5005245,3.5077593,-3.5926683,Cluster 3
BV1FdfTBNEaR,病毒大熔炉，生化试验场，浣熊市的前世今生《生化危机》背景故事,204206,11359,1929,3487,336,GMV,病毒大熔炉 生化试验场 浣熊市的前世今生 生化危机 背景故事,0,-1,-4.814755,-3.204462,0.13329595,6.5316033,Cluster 0
BV1FdfTBNEsi,宇树武BOT 天坛祈福：祝福所有人,488467,28288,3469,2611,1796,野生技能协会,宇树武BOT 天坛祈福 祝福所有人,4,-1,-3.491497,1.1435657,6.497459,-0.074190855,Cluster 4
BV1FdfTBNEVo,可敢担碳中和之责？,584076,90687,14998,11289,27399,财经商业,可敢担碳中和之责,3,-1,-0.6386639,3.59802,4.744083,-6.5095162,Cluster 3
BV1FEZxBJEpy,客机化为火雨，耗时30年破案 - 洛克比空难深度调查：从离奇物证到卡扎菲的落幕,1515845,52281,33073,26004,1620,人文历史,客机化为火雨 耗时30年破案   洛克比空难深度调查 从离奇物证到卡扎菲的落幕,2,-1,1.7202077,-5.6973796,-8.396808,2.614909,Cluster 2
BV1fEZZBBEQT,眼泪流干了，心就硬了,2694241,173550,6230,4439,1503,搞笑,眼泪流干了 心就硬了,1,-1,2.035313,4.044408,-0.54987884,-3.6273978,Cluster 1
BV1fJfnBKEEE,过年带着蜜蜂去重庆旅游～,1216148,61584,1105,22742,539,汪星人,过年带着蜜蜂去重庆旅游,2,-1,4.6250863,-0.49165383,-6.654512,-3.9011762,Cluster 2
BV1fNf5BHE8E,英国首相斯塔默的斗争,2041717,125443,41670,17694,1472,人文历史,英国首相斯塔默的斗争,3,-1,-5.050979,1.695997,6.026993,-2.8077424,Cluster 3
BV1fnfnBvEbR,上千万人看过的动捕女团翻跳？现场第三视角+NG合集来啦！【曦曦鱼】,771475,38336,920,2922,161,日常,上千万人看过的动捕女团翻跳 现场第三视角 NG合集来啦  曦曦鱼,4,-1,-2.161167,-2.7131848,1.8949245,2.524598,Cluster 4
BV1FRfuBCEeZ,复刻网上超火的《霉豆腐》,3342837,50627,2045,29800,243,美食制作,复刻网上超火的 霉豆腐,3,-1,0.12987849,0.5724762,2.1341572,-1.1937522,Cluster 3
BV1fSfqBSExD,当室友拿你照片网恋，你会怎么办？,1048318,41943,1572,29376,1035,同人·手书,当室友拿你照片网恋 你会怎么办,2,-1,5.5232654,-1.3258169,-6.9013333,-1.5354015,Cluster 2
BV1FUc7zqEGZ,「啊，终于接通了。刚才等得我都要睡着了…」,200898,48352,9678,7216,1636,综合,啊 终于接通了 刚才等得我都要睡着了,1,-1,5.3395667,0.81999236,-3.4960072,-3.05865,Cluster 1
BV1FwcizQE1T,大家好 我是VAE~,196672,16168,2689,2555,486,搞笑,大家好 我是VAE,1,-1,0.15166856,3.2364259,1.998601,-5.1579256,Cluster 1
BV1Fwf2ByEiF,第五十六集 《全宗恋爱脑，唯有小师弟正的发邪》| 救一人还是救苍生,39371,5619,1334,1023,29,同人·手书,第五十六集  全宗恋爱脑 唯有小师弟正的发邪   救一人还是救苍生,0,-1,0.7855645,-2.912852,-2.0255306,2.8759825,Cluster 0
BV1fWfiBUEfx,我上了超影四千分,376419,32345,845,2120,1518,手机游戏,我上了超影四千分,1,-1,0.29755586,5.626951,1.1900284,-5.4302673,Cluster 1
BV1FWfwBQEEk,这终末地有力气(2)⚡⚡,438125,47937,547,10561,3185,网络游戏,这终末地有力气 2,3,-1,-0.8701616,3.0540726,3.4316509,-5.413226,Cluster 3
BV1fXfNBtEKU,航天基地不是三角洲最简单的地图吗？【三角洲行动】,1966794,183331,15301,80223,5543,同人·手书,航天基地不是三角洲最简单的地图吗  三角洲行动,3,-1,-3.7610881,1.4359192,6.634718,6.3879514,Cluster 3
BV1FzfgBCEsv,乌鲁鲁暴风蘸吃！火腿碗芝士+脆虾绝了,500824,40890,3456,5099,1317,美食记录,乌鲁鲁暴风蘸吃 火腿碗芝士 脆虾绝了,3,-1,0.6059731,-0.70963717,0.80331755,-1.7685506,Cluster 3
BV1fzfgBkEXp,野生的糖人,1951041,42035,598,2127,187,网络游戏,野生的糖人,3,-1,-3.3060138,2.5113118,5.532001,-1.8539209,Cluster 3
BV1GafCB4EKr,官方整活最为致命【战地6第二赛季】,109084,10620,1565,1843,379,单机游戏,官方整活最为致命 战地6第二赛季,0,-1,-3.532557,-3.216119,-1.4289266,6.4813137,Cluster 0
BV1gDf7BEEzX,这幅画没用一滴颜料,3381447,402793,24764,28827,5789,绘画,这幅画没用一滴颜料,1,-1,1.4772054,4.3468394,0.5786441,-7.719715,Cluster 1
BV1GEfcBKEWM,当我学会打扮，亲戚都说我整容了…,518908,55344,3145,23316,1705,美妆护肤,当我学会打扮 亲戚都说我整容了,1,-1,4.440216,1.7679886,-3.0380754,-7.8674107,Cluster 1
BV1gfZfBcEhP,《镖人》魔改烂片？那可能是因为你根本没看懂！,1030147,37302,15799,7721,3078,影视杂谈,镖人 魔改烂片 那可能是因为你根本没看懂,2,-1,5.4950876,-2.7323132,-5.627892,-0.14842792,Cluster 2
BV1gGfMBWEZT,【TF家族练习生】《双城“竞”》EP1：五代月对决初章,707698,17111,1872,5795,1245,明星综合,TF家族练习生  双城 竞  EP1 五代月对决初章,4,-1,-6.049531,-1.4845549,4.898685,6.9132686,Cluster 4
BV1GicvzzEfK,【星穹铁道乐子大会】奇幻菌子梦游夜,2560665,562625,657294,349681,22957,MMD·3D,星穹铁道乐子大会 奇幻菌子梦游夜,0,-1,-6.534494,-0.96959114,1.6501873,7.0471387,Cluster 0
BV1GjfcBqEb3,暗区突围刀皮丝滑转场(德芙消失术),79542,18803,2482,4622,202,手机游戏,暗区突围刀皮丝滑转场 德芙消失术,0,-1,-5.4430423,-1.9517597,1.6296691,8.610518,Cluster 0
BV1GLfcBMEPr,【蛊真人手书】“仙尊悔，而我不悔。”,272457,38399,21085,13977,2939,同人·手书,蛊真人手书  仙尊悔 而我不悔,3,-1,-0.56490725,-1.6288065,7.5085545,3.1579409,Cluster 3
BV1GNfKBnE4Q,"三角洲行动 25万""稳固导气M7""！稳压无后坐+大口径输出！S8赛季SCAR强度分析与改法教学！",526794,21485,917,10428,1164,网络游戏,三角洲行动 25万 稳固导气M7  稳压无后坐 大口径输出 S8赛季SCAR强度分析与改法教学,4,-1,-5.5085874,-1.4461193,4.5636806,8.230486,Cluster 4
BV1gpfcBYEH7,百亿分之一概率事件,1313465,73021,565,4560,1235,极客DIY,百亿分之一概率事件,3,-1,-3.049018,2.4631202,5.9810753,-4.0288877,Cluster 3
BV1gPfwBvEj4,4月最顶新番，女主竟是“男孩子”！？2026年四月推荐+吐槽！,194719,7753,997,3379,249,动漫杂谈,4月最顶新番 女主竟是 男孩子   2026年四月推荐 吐槽,2,-1,4.0225983,-4.4933896,-5.4685636,1.1918674,Cluster 2
BV1gQZRBJEV2,《原神》法尔伽角色PV——「正如骑士所愿」,1832144,216073,50968,31221,11112,手机游戏,原神 法尔伽角色PV   正如骑士所愿,0,-1,-4.682996,-0.9425478,1.1977439,8.097724,Cluster 0
BV1GRfHBwEJh,已经纳入九年义务教育,742692,62233,1750,14181,13560,同人·手书,已经纳入九年义务教育,3,-1,0.21593145,2.5191152,3.020694,-5.0512023,Cluster 3
BV1GSZeBcEGe,新年好呀，给大家带来一期憋笑挑战。,2484798,157143,1221,24840,1789,搞笑,新年好呀 给大家带来一期憋笑挑战,1,-1,2.6483464,-0.6959693,-4.6650825,-2.8317354,Cluster 1
BV1guZeBtEQh,爱是比群星更遥远的事物，而人们的冷漠却比地狱更接近现实🥰【同桌系列完结卷】,958719,113974,20107,47888,3324,日常,爱是比群星更遥远的事物 而人们的冷漠却比地狱更接近现实  同桌系列完结卷,0,-1,-5.675337,-1.9882882,-0.36224663,8.753407,Cluster 0
BV1gWfAB6EQx,雾影削弱的最大输家？创立柱间实战思路,608447,34910,1875,3183,261,手机游戏,雾影削弱的最大输家 创立柱间实战思路,0,-1,-0.7041615,-2.6057703,0.3757238,4.192628,Cluster 0
BV1GYfCBdEBh,【终末地】密境行者 全三星宝箱攻略 简单好抄 压力感应/吊装辅助/乘风/工业化迷宫/高热拦截,189553,7237,2600,2673,524,单机游戏,终末地 密境行者 全三星宝箱攻略 简单好抄 压力感应 吊装辅助 乘风 工业化迷宫 高热拦截,0,-1,-4.7792425,-5.586393,-0.3062328,5.5872717,Cluster 0
BV1gZfJBHEMN,什么？可以在原神里堵桥了！蒙德城行动【千星奇域】,1450145,125577,6277,30499,36803,手机游戏,什么 可以在原神里堵桥了 蒙德城行动 千星奇域,0,-1,-4.909593,-1.6166795,0.7814141,6.184222,Cluster 0
BV1H1ZHB5Eiw,粉丝连麦：三年挣500万想买跑车，年轻人要守得住财,251398,17247,674,1227,203,汽车生活,粉丝连麦 三年挣500万想买跑车 年轻人要守得住财,2,-1,5.8359084,-2.892119,-8.699836,0.5100877,Cluster 2
BV1h4fqBiE3V,这个亚瑟有说法的，一直在支援队友，看来是个高手,481102,41102,1907,1233,469,手机游戏,这个亚瑟有说法的 一直在支援队友 看来是个高手,1,-1,2.3803303,1.4652401,-0.7961118,-8.32669,Cluster 1
BV1hBfwB3EZt,在波浪桥上瞬间加速1000km/h谁能刹停？,424821,12323,657,4236,116,单机游戏,在波浪桥上瞬间加速1000km h谁能刹停,2,-1,3.3209114,-1.7307442,-3.1432953,0.06408689,Cluster 2
BV1HBZSBXE7z,2026年了！当初把鱼缸嵌进柜子，5年后柜子烂了吗？,6019864,105091,2703,11876,1398,家居房产,2026年了 当初把鱼缸嵌进柜子 5年后柜子烂了吗,2,-1,6.944219,-1.2968087,-8.775567,-1.2681695,Cluster 2
BV1HcfGB7EML,【循环歌单】⚡雪地里传来了跑操声⚡,3482251,118950,10822,142200,242,音乐综合,循环歌单  雪地里传来了跑操声,4,-1,-4.4643874,1.3696908,7.758104,1.7480073,Cluster 4
BV1HCfqBREtU,【无用联萌】谁还不是个超能力者了？（1-13合集）,161758,16247,4571,6707,395,同人·手书,无用联萌 谁还不是个超能力者了  1 13合集,0,-1,-1.614623,-1.5728811,-1.6240137,3.2555692,Cluster 0
BV1HcfqBWELq,[全网首发] 迷你世界与minecraft跨平台联机,1738361,192957,26636,52766,97834,单机游戏,全网首发  迷你世界与minecraft跨平台联机,0,-1,-0.8890467,-3.9052596,-3.1337082,4.697322,Cluster 0
BV1hEfcBKEXu,【王安石】死别“春风又绿江南岸”,132672,36009,7483,16891,1784,翻唱,王安石 死别 春风又绿江南岸,3,-1,-1.3537557,0.16505651,4.268691,-1.2835072,Cluster 3
BV1HHfVBQE8K,开局只是小兵！升级可以变成典狱长？！我的世界,3272363,68773,2900,58555,391,单机游戏,开局只是小兵 升级可以变成典狱长  我的世界,0,-1,-4.7724977,-1.4777914,-2.2294238,6.0073333,Cluster 0
BV1HifHB5EWK,我做了一把过于极端的矛,683527,50081,3715,13948,909,单机游戏,我做了一把过于极端的矛,1,-1,3.610109,6.004202,-0.2695155,-6.502414,Cluster 1
BV1hkfiBiEzH,冷脸萌我一直吃不腻,368301,49775,1917,15047,789,仿妆cos,冷脸萌我一直吃不腻,1,-1,1.359624,0.7032861,-0.7868604,-0.31773633,Cluster 1
BV1HmZYBkEBW,过年你们家饭桌上的亲戚,4817705,197069,2952,7494,3325,亲子,过年你们家饭桌上的亲戚,1,-1,1.7749687,2.5355194,2.7727873,-1.4859768,Cluster 1
BV1HNfzBbEzR,“你是对的人！不得不承认！”,733087,8289,697,2120,106,小剧场,你是对的人 不得不承认,2,-1,6.8923087,-0.3337248,-9.354831,-1.1843139,Cluster 2
BV1HoZxBpESi,大油肩膀带货王翻车，自然赛开挂没人敢封,1897153,72337,1551,3958,780,健身,大油肩膀带货王翻车 自然赛开挂没人敢封,2,-1,2.7309546,-1.4568362,-3.078896,0.05930154,Cluster 2
BV1hQfMBdEBt,在山东我们不说..,1241811,71772,959,5740,5089,日常,在山东我们不说,1,-1,3.2782617,3.2685,-1.0237286,-4.150604,Cluster 1
BV1hQfMBdEyp,“这难道也是1万多的声音吗？”,890244,53186,734,10677,372,综合,这难道也是1万多的声音吗,1,-1,4.603195,5.0401053,-0.8161038,-6.6647353,Cluster 1
BV1hrfiBTEzA,小企鹅的笑容是完美的笑容算法吗？【终末地幼儿园】,1314281,75469,3067,9980,3576,同人·手书,小企鹅的笑容是完美的笑容算法吗  终末地幼儿园,4,-1,-3.7893958,0.66487247,2.9646907,5.319912,Cluster 4
BV1htfNB1EwW,万字文案！绝对硬核！一期视频搞懂遛鬼基础与入门｜第五人格,65168,9377,4168,6585,1655,手机游戏,万字文案 绝对硬核 一期视频搞懂遛鬼基础与入门 第五人格,2,-1,0.07027327,-4.7794733,-3.996378,2.7993531,Cluster 2
BV1HVfnB3Eus,可惜你不是东北人 不知道东北嫡长女的含金量,1602170,99498,1065,15252,1760,健身,可惜你不是东北人 不知道东北嫡长女的含金量,2,-1,3.2514806,0.33435282,-0.9890052,-1.0561223,Cluster 2
BV1HVZ2BVEzC,【2026·2月电脑配置推荐】爆肝实测！过年装机答案，4千~3万预算 共15套性价比配置，小白无脑攻略！diy整机主机,1168814,41816,18872,17363,1504,数码,2026 2月电脑配置推荐 爆肝实测 过年装机答案 4千 3万预算 共15套性价比配置 小白无脑攻略 diy整机主机,2,-1,2.4223902,-5.6556277,-5.088079,2.7828825,Cluster 2
BV1hXf6BLEkq,《鸣潮》共鸣者「陆·赫斯」PV | 关于“真相”,1115676,52778,23795,7471,9044,手机游戏,鸣潮 共鸣者 陆 赫斯 PV   关于 真相,0,-1,-5.00347,-1.2285631,1.0918533,8.009003,Cluster 0
BV1hyfiBNELT,Eco局起手枪不小心起到蜂刺了怎么办？,210047,20042,3344,1830,144,网络游戏,Eco局起手枪不小心起到蜂刺了怎么办,2,-1,2.1552782,0.12514484,0.20672177,3.937568,Cluster 2
BV1i1ZiBrEYo,【小曲一响，主角登场】2025年最火のFunk音乐合集，很多人听过却不知道歌名！,1840402,91406,11351,99394,75,乐评盘点,小曲一响 主角登场 2025年最火 Funk音乐合集 很多人听过却不知道歌名,4,-1,-2.8826792,-3.7005367,1.3950596,2.0859776,Cluster 4
BV1i5fqByEaK,带妈吃！上海最著名的“和平饭店”吃一顿！得花多少钱？,232338,9533,2247,1490,349,美食侦探,带妈吃 上海最著名的 和平饭店 吃一顿 得花多少钱,2,-1,5.468058,-0.862616,-8.127489,-2.4805467,Cluster 2
BV1i7ZdBhExH,【新人UP自我介绍】我的世界 特战合成旅,742166,85209,10003,69796,281,日常,新人UP自我介绍 我的世界 特战合成旅,0,-1,-5.597507,-1.0353874,-2.1878464,7.7471576,Cluster 0
BV1iBfKBoE3c,记者问谷爱凌为何反应这么快，谷爱凌这样分析自己的脑回路,204884,19376,586,5682,470,日常,记者问谷爱凌为何反应这么快 谷爱凌这样分析自己的脑回路,1,-1,2.182978,1.1796894,-1.6874583,-2.7165973,Cluster 1
BV1iBfKBoEGb,[自制动画]Rien's Table,234407,32131,20400,18876,4594,绘画,自制动画 Rien s Table,4,-1,-5.2443814,1.361563,6.9812655,-0.04885256,Cluster 4
BV1icfJB8E46,当你把两大神曲放一起时,84296,21276,1504,14065,759,音乐综合,当你把两大神曲放一起时,1,-1,3.209497,2.9065685,-1.434088,-2.408944,Cluster 1
BV1igfcBrEbN,我的世界但是所有物品都是摔炮！,405428,13453,1075,6147,57,单机游戏,我的世界但是所有物品都是摔炮,0,-1,-0.3621293,0.9068453,-2.7287006,5.8801775,Cluster 0
BV1igfcBrEpW,喜人春晚作品从夯到拉,540607,14492,678,4688,549,综艺,喜人春晚作品从夯到拉,2,-1,1.8261448,-0.7456609,-2.2080615,-1.376868,Cluster 2
BV1ihc5zpEgh,真实事件改编！扒火车、砍脚筋、杀警察！国产反扒片《毕正明的证明》,2524293,47262,3899,16518,765,影视杂谈,真实事件改编 扒火车 砍脚筋 杀警察 国产反扒片 毕正明的证明,2,-1,-0.32898602,-4.7042403,0.3094451,1.0963382,Cluster 2
BV1iKfgBKEnL,当外国女友回我老家过年 我就知道它该出山了,4279798,185225,1306,12651,1471,日常,当外国女友回我老家过年 我就知道它该出山了,2,-1,6.3334365,-0.12569322,-6.3413486,-3.3685966,Cluster 2
BV1iqfKBtEFw,【全站最硬核】一分钟告诉你《镖人》原著到底有多好看！,167989,5696,2885,3250,1120,单机游戏,全站最硬核 一分钟告诉你 镖人 原著到底有多好看,2,-1,3.9438312,-2.3701544,-5.205262,1.1052439,Cluster 2
BV1iUZBBjEC8,如此销售,3280813,110090,1627,7455,12074,绘画,如此销售,3,-1,0.078037135,4.6690683,3.617182,-4.917065,Cluster 3
BV1iVfqBLEPa,弈星玩家集合了，弈星超级焚决教学！！超级干货！,118436,7744,925,1818,320,网络游戏,弈星玩家集合了 弈星超级焚决教学  超级干货,2,-1,3.6819866,-4.0528445,-4.87009,2.5970714,Cluster 2
BV1iYfiBkEwM,复活吧，我的月神！,124622,14763,1139,3134,2637,手机游戏,复活吧 我的月神,0,-1,-4.365522,0.32845563,0.4710382,5.3301597,Cluster 0
BV1j4ZqBkEjD,叫你当回头率百分百的男人,4521335,183785,1223,12110,6740,搞笑,叫你当回头率百分百的男人,3,-1,0.65460664,1.3353717,-0.45751768,-0.30357236,Cluster 3
BV1j5fqByE1o,曲婉婷给中国人民拜年啦！这大过年的真的是(_______)？,173502,20008,1006,1236,139,社科·法律·心理,曲婉婷给中国人民拜年啦 这大过年的真的是,2,-1,5.1430798,0.14284226,-3.242564,-1.8286669,Cluster 2
BV1j5fqByEcy,湛江妈祖游神乩童替换事件全复盘，造谣和引战是怎么来的？,163174,6667,1843,866,727,日常,湛江妈祖游神乩童替换事件全复盘 造谣和引战是怎么来的,2,-1,4.476865,-3.4597507,-8.041937,1.2982014,Cluster 2
BV1J8fKBPEDL,萧炎卖你一万块！不充钱只配退婚！斗破苍穹手游有多逆天？,266070,15179,5408,3810,1330,手机游戏,萧炎卖你一万块 不充钱只配退婚 斗破苍穹手游有多逆天,2,-1,4.8858223,-5.6499753,-5.6343365,3.0318696,Cluster 2
BV1Jaf7BhEP6,最近怎么越来越多爸爸来买小朋友球拍,2961852,187649,1259,6618,2745,运动综合,最近怎么越来越多爸爸来买小朋友球拍,1,-1,2.5531816,3.22938,-4.5490413,-5.7302475,Cluster 1
BV1jAZfBBEBn,朊病毒：法则之外的幽灵，如何在大脑里埋下三维陷阱,1615445,179056,4420,22088,1402,科学科普,朊病毒 法则之外的幽灵 如何在大脑里埋下三维陷阱,3,-1,-3.0870373,0.5489523,3.1598675,4.106018,Cluster 3
BV1jaZrBREWZ,我只说一次，辛巴巴巴鲁比拉是啥意思,3938073,277761,2003,28230,4309,日常,我只说一次 辛巴巴巴鲁比拉是啥意思,3,-1,-0.4511529,2.5228083,0.9159332,-3.0002632,Cluster 3
BV1JBfJBNEqw,理想中的过年,1632455,161645,2437,10049,3743,搞笑,理想中的过年,3,-1,-1.7434012,4.1391172,3.5579405,-1.3139845,Cluster 3
BV1JcfcBmEay,三角洲行动×海底捞 蜂医生日快乐！和所有的大红说嗨嗨！,639989,58185,3080,10158,4834,GMV,三角洲行动 海底捞 蜂医生日快乐 和所有的大红说嗨嗨,3,-1,-0.7999151,-0.9584024,0.78410995,-0.24426676,Cluster 3
BV1Jef7BFEiq,世界第一的 · 公 · 主 · 殿 ·下 ·,159406,36277,4871,13141,1287,MMD·3D,世界第一的   公   主   殿  下,0,-1,-1.3285064,1.3247582,0.037236713,3.1851714,Cluster 0
BV1JEfCBKE1g,冰 天 雪 地 好 朋 友 ！【青春旅行团13】,121090,24422,17542,7785,1714,综艺,冰 天 雪 地 好 朋 友   青春旅行团13,4,-1,-3.3644972,1.4246242,6.101569,0.42515606,Cluster 4
BV1JEfuBMEiK,这一年，我把所有想做的事都做完了,253070,24599,10137,8898,1938,家居房产,这一年 我把所有想做的事都做完了,1,-1,3.0532742,5.718179,-2.569346,-7.7170014,Cluster 1
BV1jeZrBWEw6,【波比的游戏时间】世界纪录!! 全五章 无故障速通,380651,23584,6373,18311,743,单机游戏,波比的游戏时间 世界纪录   全五章 无故障速通,0,-1,-5.759054,-1.3564316,0.32173753,6.991039,Cluster 0
BV1JJfCBvE1y,⚡说 脏 话 会 被 电⚡,150928,12448,2414,4926,1090,综合,说 脏 话 会 被 电,3,-1,-0.5686065,3.745103,2.1847126,-3.1346457,Cluster 3
BV1JkfHBgEpS,我们在极限模式登顶了珠穆朗玛峰！！,371807,26785,2465,15468,335,单机游戏,我们在极限模式登顶了珠穆朗玛峰,1,-1,3.6142938,0.7201054,-7.978702,-5.3802233,Cluster 1
BV1JNfqBDE2J,春节回乡2天，县里来了位“AI医生”,154757,16528,1789,1946,61,日常,春节回乡2天 县里来了位 AI医生,1,-1,4.547553,1.8709042,-2.7607632,-6.1454153,Cluster 1
BV1jTcszUEGn,老二次元决战超市之巅！,1897660,59977,5086,18202,1685,影视剪辑,老二次元决战超市之巅,0,-1,-0.8564074,-4.0006204,-2.647969,3.8801346,Cluster 0
BV1jTfcBCEr4,边牧战斗力什么水准,748078,32312,1044,1517,632,汪星人,边牧战斗力什么水准,3,-1,0.77559644,-1.5188363,-4.677262,4.7414274,Cluster 3
BV1jTfyBYEmp,三菱造船等20家日本实体被列入出口管控！,166244,12252,921,1013,1059,科工机械,三菱造船等20家日本实体被列入出口管控,3,-1,-0.18618275,0.4256768,4.299919,1.9230803,Cluster 3
BV1JtZrBtEqV,谷歌翻译20次《水饺》然后自己唱出来,443390,31295,945,6450,1562,翻唱,谷歌翻译20次 水饺 然后自己唱出来,1,-1,3.4120765,1.2047318,-1.5294276,-2.2706687,Cluster 1
BV1JUfABWEsD,一场清末命案换来我家三代人的血恨复仇史,374081,33799,1701,8554,490,日常,一场清末命案换来我家三代人的血恨复仇史,3,-1,-1.1340419,-1.0959582,1.7478716,-1.4013697,Cluster 3
BV1JufNBZEdU,终末地狂冲盾止现状,409050,36575,2279,3059,5707,单机游戏,终末地狂冲盾止现状,0,-1,-3.005442,-0.71852505,1.1695734,7.925511,Cluster 0
BV1jVfAB7E8N,耗时半年，我做出了月计版人生重开模拟器,123122,11572,2783,7857,2102,鬼畜调教,耗时半年 我做出了月计版人生重开模拟器,2,-1,0.9583013,-1.3285701,-3.5455604,2.0575323,Cluster 2
BV1JXZdBqE67,当我意识到我和妹妹喜欢同一个人,542179,54498,3013,3125,521,小剧场,当我意识到我和妹妹喜欢同一个人,1,-1,2.3332286,5.215817,-3.3740108,-7.393887,Cluster 1
BV1JYfBBHEP4,【大鸣王潮1566】勇敢者的奖励,444790,51030,15626,5509,2101,同人·手书,大鸣王潮1566 勇敢者的奖励,0,-1,-3.811407,-2.4612732,0.28073838,5.770627,Cluster 0
BV1k7fwBREj6,打完这把麻将，年，就过完了！,424274,11676,4468,1969,909,搞笑,打完这把麻将 年 就过完了,1,-1,1.8240957,4.858404,-0.9979335,-5.8160133,Cluster 1
BV1K8fcBZESc,我将继承父亲的意志,2549846,204682,2822,22522,1239,搞笑,我将继承父亲的意志,1,-1,3.054737,3.6509895,-0.33261946,-8.333412,Cluster 1
BV1k8fJB6EYR,爱因斯坦巧用微积分智斗绑匪（迫真）,2572648,171651,14828,63645,15940,科学科普,爱因斯坦巧用微积分智斗绑匪 迫真,3,-1,-1.2890477,-1.6782554,1.3882558,0.99752873,Cluster 3
BV1KCfTBVEEm,依旧胡赝品,184227,22964,723,1620,2352,翻唱,依旧胡赝品,3,-1,-0.8985899,3.4812748,3.7204359,-4.88638,Cluster 3
BV1kHZaB6Eed,东鹏特饮那个透明盖到底干嘛的？答案藏着它1300亿的秘密,1241335,27986,1571,7327,950,财经商业,东鹏特饮那个透明盖到底干嘛的 答案藏着它1300亿的秘密,2,-1,5.5673614,-3.8598268,-8.583894,1.0599276,Cluster 2
BV1khZeBGENz,我在100天内完成了MC中所有成就！,1241641,60421,13514,29305,340,单机游戏,我在100天内完成了MC中所有成就,1,-1,-0.87342435,5.588905,1.5538497,-7.0817637,Cluster 1
BV1kjfFBmEcF,循环歌单|【Montagem Supersonic】|“【耐杀王の小曲】”,2796646,77583,751,21290,184,乐评盘点,循环歌单  Montagem Supersonic    耐杀王 小曲,4,-1,-6.840216,1.8349093,7.728921,1.7232155,Cluster 4
BV1kJfwBWEbd,三角洲行动23万粉丝UP主读评论，你确定不来看？,337800,42507,8911,35836,48,日常,三角洲行动23万粉丝UP主读评论 你确定不来看,2,-1,3.616655,-0.03315383,-3.7841632,-1.3360325,Cluster 2
BV1kjfwBxEwJ,古代的龙袍真的不能洗吗？那穿臭了怎么办#历史冷知识 #龙袍,1962833,72220,742,3094,201,人文历史,古代的龙袍真的不能洗吗 那穿臭了怎么办 历史冷知识  龙袍,3,-1,0.3484684,-2.145078,4.423894,-0.57647014,Cluster 3
BV1kLfFBEE5w,【单三天才】赛伊德挑战 11=0→?,1358023,76896,4246,7828,862,网络游戏,单三天才 赛伊德挑战 11 0,4,-1,-3.533576,-0.8437183,5.0546017,7.1634064,Cluster 4
BV1kMfrBNEG7,这期神了！史上最烧脑！白井智之《药瘾侦探Ⅱ》,122355,13688,16300,4629,322,影视杂谈,这期神了 史上最烧脑 白井智之 药瘾侦探,0,-1,-0.2457014,-4.3634925,-1.0198898,3.7903428,Cluster 0
BV1kMZZBLErU,入侵我国最成功的物种是谁？,1960624,51732,770,2105,368,科学科普,入侵我国最成功的物种是谁,2,-1,5.402646,-2.5155666,-8.525147,-0.18405662,Cluster 2
BV1KofLBiEuT,我们是兄弟…不要多想…#翻唱#兰亭序,1762933,120717,2500,10300,23531,翻唱,我们是兄弟 不要多想  翻唱 兰亭序,2,-1,4.0413327,0.495917,-1.5371963,-1.899109,Cluster 2
BV1KqfTB7ERm,惨烈无比！后劲巨大！推理超神！没有动画化的篇章-《金田一少年事件簿》之异人馆村杀人事件！,176318,7716,3890,3940,413,动漫杂谈,惨烈无比 后劲巨大 推理超神 没有动画化的篇章  金田一少年事件簿 之异人馆村杀人事件,0,-1,-6.4430847,-3.6124556,0.24307926,8.672355,Cluster 0
BV1KQfVBwEFD,1006与1007？！身份与往事！最长脑子的一集！剧情个人解释！Poppy Playtime第五章！,530422,20833,2590,9301,388,单机游戏,1006与1007  身份与往事 最长脑子的一集 剧情个人解释 Poppy Playtime第五章,0,-1,-6.238855,-1.9658595,-0.004482299,9.5262785,Cluster 0
BV1KrfEB5E2y,翁法罗斯谋杀案,120091,35448,3306,7919,483,手机游戏,翁法罗斯谋杀案,3,-1,-4.642648,2.736257,6.1023574,-2.7824008,Cluster 3
BV1KufwBwEZ1,玩到无聊也不学？摆脱手机依赖症！,208730,19411,5277,22996,1170,校园学习,玩到无聊也不学 摆脱手机依赖症,3,-1,-0.6991562,0.7305909,2.0576358,-0.34054273,Cluster 3
BV1kvFDzhEar,六亲不认一心走线，润美后签卖身契成「期货死人」，传奇润人“甜甜圈”,3086683,127993,7934,22211,4941,人文历史,六亲不认一心走线 润美后签卖身契成 期货死人  传奇润人 甜甜圈,4,-1,-5.084002,-0.027556702,3.5434773,4.7815742,Cluster 4
BV1kVfFBSEfv,我把旺财教得如何,1510345,179858,873,14517,11417,汪星人,我把旺财教得如何,1,-1,4.0134087,4.413856,-1.6709112,-4.9340687,Cluster 1
BV1kWZrBcEHx,有 点 长 3,7237957,612867,414013,209386,78178,搞笑,有 点 长 3,3,-1,-1.9011229,5.698898,3.0218494,-4.5902457,Cluster 3
BV1kXZZBLEbP,赛场罕见的大狙放人顶级名场面！Jame大心脏操作震撼全场！带领PV杀入PGL总决赛！,702076,21959,547,1044,1021,电子竞技,赛场罕见的大狙放人顶级名场面 Jame大心脏操作震撼全场 带领PV杀入PGL总决赛,2,-1,0.3124155,-3.4790673,-1.8907049,1.6207161,Cluster 2
BV1L3ZBBkENN,《飞驰人生3》“全是默契”正片片段｜90秒极速换胎，把极限时刻变成默契主场！,935044,30634,1064,5225,1102,预告·资讯,飞驰人生3  全是默契 正片片段 90秒极速换胎 把极限时刻变成默契主场,4,-1,-4.5068216,-1.4940307,2.4591577,7.2071958,Cluster 4
BV1L7ZhBsEk4,中国美式家庭的日常罢了,1992204,144318,5114,29500,8929,三农,中国美式家庭的日常罢了,3,-1,1.2535468,1.8432851,2.6545212,-1.286282,Cluster 3
BV1LJfTBfEXk,【终末地】莱万汀单人狂冲盾止  《影拓丰碑》单人通关+语音详解   |魔法Zc目录,370900,29993,2715,1519,1531,网络游戏,终末地 莱万汀单人狂冲盾止   影拓丰碑 单人通关 语音详解    魔法Zc目录,0,-1,-5.8823924,-3.6458952,1.3246826,8.360919,Cluster 0
BV1Lkf7B9E5t,今天我要拍的演员是____,1073811,114005,1916,14079,2035,出行,今天我要拍的演员是,1,-1,0.45599377,5.2631564,-1.44682,-7.6848483,Cluster 1
BV1LnfzBEES4,“我叫孙哮喘”“老公你说句话啊”,102050,8040,734,1497,188,单机游戏,我叫孙哮喘  老公你说句话啊,1,-1,3.9408336,2.1851068,-1.8318481,-3.9633698,Cluster 1
BV1LPfMBfEhd,【时代少年团】2026十八楼联欢晚会-超长花絮大放送,639100,33671,8946,8587,444,明星综合,时代少年团 2026十八楼联欢晚会 超长花絮大放送,2,-1,-0.19877225,-4.4784045,2.878346,2.3618004,Cluster 2
BV1LQfHBPEFx,查理斯整治过年烦人亲戚,397732,10243,4162,1748,5260,影视剪辑,查理斯整治过年烦人亲戚,3,-1,0.42763954,-1.2339193,2.483138,0.69338906,Cluster 3
BV1Lrf7BsENG,好朋友就是要一直黏在一起,588094,58714,4088,25236,3011,MMD·3D,好朋友就是要一直黏在一起,1,-1,0.5881052,4.5774026,1.6752604,-3.6276538,Cluster 1
BV1LsfCBwEkD,英国博主：太激动了 终于拿到老外们梦寐以求的中国五星卡,119395,10008,4547,1040,157,出行,英国博主 太激动了 终于拿到老外们梦寐以求的中国五星卡,2,-1,7.231578,-2.7629538,-7.6433225,-1.4790103,Cluster 2
BV1LxZqBVEsz,史上最疯狂的推理！白井智之《药瘾侦探Ⅰ》,342994,20846,19495,8552,793,影视杂谈,史上最疯狂的推理 白井智之 药瘾侦探,0,-1,-1.9666855,-3.4312842,-0.98225623,3.963171,Cluster 0
BV1LyZfB6EXW,全部照抄喜羊羊？劣质盗版很猖狂【周余】,126439,8900,955,1745,83,动漫杂谈,全部照抄喜羊羊 劣质盗版很猖狂 周余,4,-1,-0.7356102,-2.0062206,2.0865629,2.0608819,Cluster 4
BV1m5ZaBLEfW,国漫第一魔丸 斗罗大陆嘴强王者,2910312,167470,8489,31035,17227,搞笑,国漫第一魔丸 斗罗大陆嘴强王者,0,-1,-4.868792,-4.1801414,0.01486627,6.3770385,Cluster 0
BV1m9ZaBUEmC,闺蜜说拉拉不是这个意思啊...,1663261,127680,9839,25490,5315,搞笑,闺蜜说拉拉不是这个意思啊,1,-1,4.832075,4.088982,-2.72876,-5.1002326,Cluster 1
BV1mAfCBjEF3,⚡ 纯情干员火辣辣 ⚡,129194,12647,1293,2719,297,鬼畜调教,纯情干员火辣辣,3,-1,-2.13448,-1.1852392,0.27672893,2.690235,Cluster 3
BV1mbfcBbEtJ,全网首发，单局 三个 万金泪冠！|巴别塔知道你为何而来,729132,47251,1257,3762,1994,单机游戏,全网首发 单局 三个 万金泪冠  巴别塔知道你为何而来,2,-1,3.1333015,-1.8377489,-2.5493174,0.89000463,Cluster 2
BV1MbfqBNETK,万字解说赵本山1990年首登央视春晚小品《相亲》【再见小品之王】,347402,21661,8494,4627,450,影视杂谈,万字解说赵本山1990年首登央视春晚小品 相亲  再见小品之王,4,-1,-5.144345,-1.8711892,3.1320655,6.8642445,Cluster 4
BV1MBfTB2E3k,【断网补全计划123】妈祖换人真假，老高被罚五亿？我的刀盾，xx麻醉师，刘德华解冻失败，openclaw相关，那艺娜被封，短道速滑至暗时刻等,558081,30725,755,3361,512,搞笑,断网补全计划123 妈祖换人真假 老高被罚五亿 我的刀盾 xx麻醉师 刘德华解冻失败 openclaw相关 那艺娜被封 短道速滑至暗时刻等,4,-1,-1.4815102,-3.9507928,-0.6659394,2.627977,Cluster 4
BV1mefjBgEat,狗会点外语很正常吧,603581,71715,1424,11163,2050,综合,狗会点外语很正常吧,1,-1,2.7650566,4.0641155,-3.114018,-5.026944,Cluster 1
BV1mhZkB5EVi,评论区摄影大赛之艺术感篇开启，欢迎投稿好的作品会让更多人看到。,3286552,153283,1452,11758,423,日常,评论区摄影大赛之艺术感篇开启 欢迎投稿好的作品会让更多人看到,2,-1,2.443205,-1.6155106,-3.768083,-0.95781004,Cluster 2
BV1MJZfBoERS,跑步60公里左右去城里喝新年的第一杯奶茶，花费11个小时！,457334,27467,1070,1625,1177,三农,跑步60公里左右去城里喝新年的第一杯奶茶 花费11个小时,1,-1,2.8705816,1.7418414,-6.420014,-5.327224,Cluster 1
BV1mKfwBAEKh,商家死磕消费者！ 今天看看我说的这几点你能回应么？,936993,74509,2000,4552,270,美食测评,商家死磕消费者  今天看看我说的这几点你能回应么,2,-1,7.177528,-2.2643862,-9.349673,-0.5752322,Cluster 2
BV1mnfJB2EZA,全是名场面！彻底吃撑，大司马：我要验牌，牌有问题,2167045,64700,6357,5063,4197,电子竞技,全是名场面 彻底吃撑 大司马 我要验牌 牌有问题,2,-1,4.601335,-0.22871584,-3.0113523,-2.7724707,Cluster 2
BV1MPfwBvE7a,低情商人去老丈人家放飞自我啦！,1602358,64620,1265,4547,2081,搞笑,低情商人去老丈人家放飞自我啦,3,-1,-1.0343142,2.032121,2.9594972,-0.29157138,Cluster 3
BV1MqfTB7EHJ,上古卷轴5X天国拯救X巫师三第十集（确实是！）,111657,7063,1622,1986,259,单机游戏,上古卷轴5X天国拯救X巫师三第十集 确实是,0,-1,-3.2855947,-1.081175,-0.03332529,9.632808,Cluster 0
BV1mqfzBqE6A,Asoul简史02：乃琳的不甘心，究竟源自何处？【虚拟封神榜特别篇】,217547,11038,5106,3611,1482,日常,Asoul简史02 乃琳的不甘心 究竟源自何处  虚拟封神榜特别篇,0,-1,-5.427965,-3.5887382,0.035214383,9.407627,Cluster 0
BV1MrfCBnEip,【蛋仔派对新春团圆宴】2026年蛋仔派对新春会！,209752,4837,611,4468,17,手机游戏,蛋仔派对新春团圆宴 2026年蛋仔派对新春会,4,-1,-3.4340117,1.2406375,5.2852798,3.3924723,Cluster 4
BV1mtfcBFEp9,【𝑁𝑒𝑥𝑢𝑠】“ 第四世代接触者 ”,237775,38217,4030,13579,706,MAD·AMV,第四世代接触者,3,-1,-3.515931,2.1592162,1.4068497,3.6312792,Cluster 3
BV1mTfwBaEnh,这集神了！《神 人》第一集，科比肘击丰川祥！,500146,37371,7264,8104,7572,搞笑,这集神了  神 人 第一集 科比肘击丰川祥,4,-1,-0.7519443,-2.8613307,-0.6203864,2.1482675,Cluster 4
BV1mUfwBeE5f,XDD单三无名做赛伊德之书 起红弹14两秒融化一队多吓人！被超模老赛踩头打 能不能来点阳的英雄？,445948,6142,554,740,568,网络游戏,XDD单三无名做赛伊德之书 起红弹14两秒融化一队多吓人 被超模老赛踩头打 能不能来点阳的英雄,4,-1,-0.63602185,-2.854937,-1.0933034,2.316483,Cluster 4
BV1MuZXBgESL,我那意外横出的合租生活！,2133605,75656,1381,2036,885,小剧场,我那意外横出的合租生活,3,-1,0.86741346,1.7630525,1.498218,-1.7453433,Cluster 3
BV1mWfgBXEkF,英语口语练习,652052,53514,1107,8080,1132,校园学习,英语口语练习,3,-1,-2.432787,2.0806782,4.2884727,-3.9445474,Cluster 3
BV1mWZBBYEkg,《这个游戏就是这样的呀》,1509958,42280,927,1716,308,网络游戏,这个游戏就是这样的呀,1,-1,2.737218,5.413675,-0.5330024,-6.267733,Cluster 1
BV1MxcsziE6c,全球唯一！可口可乐自助餐！128元一个人！到底吃什么？值不值？,6820039,166452,34199,76500,11493,出行,全球唯一 可口可乐自助餐 128元一个人 到底吃什么 值不值,2,-1,5.646108,-2.0610416,-7.9904866,-2.4229267,Cluster 2
BV1MxfcBhEdo,黄金白银大崩盘，谁是幕后推手？,1195991,58912,21111,18897,8135,财经商业,黄金白银大崩盘 谁是幕后推手,2,-1,5.4297605,-4.0741286,-9.322527,1.0612028,Cluster 2
BV1MxfcBhEzB,“94.75夺冠…太帅了！顶级女Alpha的魅力，真正的强者从不畏惧任何挑战！”,626704,33115,3064,7194,802,影视剪辑,94 75夺冠 太帅了 顶级女Alpha的魅力 真正的强者从不畏惧任何挑战,2,-1,4.1904583,-2.7308724,-3.8618984,0.39140403,Cluster 2
BV1n1fABxEnR,十年前她是一名COSER，十年后她是一位母亲,122095,10131,611,1811,315,搞笑,十年前她是一名COSER 十年后她是一位母亲,4,-1,-2.930944,2.2543333,8.447291,-3.7843003,Cluster 4
BV1N6fTBLEh5,⁧,260024,30282,886,8354,3510,同人·手书,,1,-1,0.24245122,1.0688069,2.9246578,-6.2990675,Cluster 1
BV1NafcB4Eg2,红星照大地～～,559620,67234,1235,26155,7796,搞笑,红星照大地,3,-1,-0.7620674,1.1566967,4.764566,-2.9482665,Cluster 3
BV1nafJBuE8E,等价交换强的可不只是转化桌！10年老兵带你重新认识经典mod！,615011,29848,1841,3787,389,单机游戏,等价交换强的可不只是转化桌 10年老兵带你重新认识经典mod,2,-1,6.439239,-3.8124511,-8.380867,0.29962268,Cluster 2
BV1nBfcBpErJ,当你的游戏装了太多模组belike 3.0,548141,35186,623,9719,2125,鬼畜剧场,当你的游戏装了太多模组belike 3 0,0,-1,-3.888628,0.9573092,-1.5598099,6.251695,Cluster 0
BV1NCfTBVEAm,小时候看这集被ZywOo吓哭了...,2519380,131472,3826,11956,2253,电子竞技,小时候看这集被ZywOo吓哭了,1,-1,-0.9340403,2.6379106,-3.9713602,-8.896305,Cluster 1
BV1NeZhBCEQN,《SHIT奥利给》创刊征稿啦！！！CALL FOR PAPERS,757502,92539,9089,27028,27389,校园学习,SHIT奥利给 创刊征稿啦   CALL FOR PAPERS,4,-1,-3.3655372,1.9838002,9.597001,-2.1960292,Cluster 4
BV1NFfjBeEb9,这是王力宏交给我们的一段有关大同的影片。,1008392,94524,56485,27141,13612,乐评盘点,这是王力宏交给我们的一段有关大同的影片,1,-1,1.2158227,3.0564747,-1.7503713,-8.456222,Cluster 1
BV1NffLBNEpg,「看原神迎财神」2026原神同人新春会,1048261,144427,77083,70081,7858,同人·手书,看原神迎财神 2026原神同人新春会,0,-1,-2.7637606,-2.8297613,4.6587243,3.8831859,Cluster 0
BV1nffwBoEo3,【终末地动画短片】错拿了小岛秀夫剧本的终末地众人,200648,14555,2624,4544,3177,MAD·AMV,终末地动画短片 错拿了小岛秀夫剧本的终末地众人,0,-1,-4.6620812,-0.9146717,0.12499601,8.823719,Cluster 0
BV1NGZtBwELa,【4K限免】你的新设备能顶住吗？影视飓风年度样片,2187154,127206,56790,39467,6205,日常,4K限免 你的新设备能顶住吗 影视飓风年度样片,2,-1,0.33140066,-3.0169792,-3.5979757,2.0977368,Cluster 2
BV1nHZrBaEUq,在平潭度过的难忘一天,309635,23549,14468,3472,1046,出行,在平潭度过的难忘一天,1,-1,0.6043891,3.2550442,-6.20483,-5.7412925,Cluster 1
BV1Njcjz6E3W,长沙某早餐店监控下最丑陋的一幕：千万不要低估人性深处的恶,1825709,64602,1955,6833,1368,社科·法律·心理,长沙某早餐店监控下最丑陋的一幕 千万不要低估人性深处的恶,2,-1,7.2066107,-3.010471,-7.686333,-0.36551878,Cluster 2
BV1nJcvznEXv,挑战特效化妆！把自己画成马！马年大吉！,174585,15260,1409,730,175,搞笑,挑战特效化妆 把自己画成马 马年大吉,4,-1,-3.9368331,0.55351716,3.9057496,1.1378076,Cluster 4
BV1nJZDBRESL,Reddit热议：天网功夫T-1000到中国也得拜年,902249,54336,4114,4808,509,社科·法律·心理,Reddit热议 天网功夫T 1000到中国也得拜年,4,-1,-0.8466413,0.08836229,3.4693055,0.812052,Cluster 4
BV1NjZXBvES9,甘蔗还能泡酒？,3984702,78903,1024,5916,655,动物二创,甘蔗还能泡酒,3,-1,0.70202637,3.1240702,3.735244,-7.211116,Cluster 3
BV1nkfcBSE5R,雪地里传来了吟当声,143360,11404,659,4743,1230,音乐综合,雪地里传来了吟当声,1,-1,0.479973,2.7636988,-2.109455,-6.5157237,Cluster 1
BV1nNfABXEjy,蛋仔派对：水方块生存第3天！一个马桶，帮我赚翻了！,2659703,45085,2337,54486,45,手机游戏,蛋仔派对 水方块生存第3天 一个马桶 帮我赚翻了,1,-1,0.14090498,-0.2475261,0.6247312,-0.30053657,Cluster 1
BV1nNfNBhEj3,【OC动画】乖小狗,206761,45327,1573,13014,2001,同人·手书,OC动画 乖小狗,4,-1,-5.136114,1.3005043,2.1980174,5.801094,Cluster 4
BV1NpcEz5EKi,隧夜轮回（福生村）第四十八集 怨婴降世 动画 悬疑 微恐怖,349584,24043,7640,5504,354,同人·手书,隧夜轮回 福生村 第四十八集 怨婴降世 动画 悬疑 微恐怖,0,-1,-5.0482707,-3.642247,1.6381955,10.24872,Cluster 0
BV1nPfqBHEeX,吃我一拳,316092,28004,2897,2394,129,日常,吃我一拳,3,-1,-1.3740567,5.0927157,2.9621475,-4.1120424,Cluster 3
BV1nSZdBzEdS,最！完！美！,260373,31953,904,2987,192,综合,最 完 美,3,-1,-1.4410229,3.890374,3.4834678,-4.5682063,Cluster 3
BV1NsZfBWEUj,谢谢 【特厨隋坡】给我开单，还请我吃大餐！好吃！,569290,27390,741,2089,783,日常,谢谢  特厨隋坡 给我开单 还请我吃大餐 好吃,1,-1,1.3779914,2.8532367,-0.1049087,-2.7928076,Cluster 1
BV1ntf7BPEb4,蓝V过年串门集体团建🥹现场一片祥和,138144,13907,1207,1903,234,综合,蓝V过年串门集体团建 现场一片祥和,4,-1,-1.7216,0.46592763,4.907133,1.232245,Cluster 4
BV1NTfnBLEqa,单三主播的焚决今天交给你们了 新版本高改枪教学,509051,29380,3573,35962,917,网络游戏,单三主播的焚决今天交给你们了 新版本高改枪教学,2,-1,2.3438165,-5.0587535,-4.639293,2.839208,Cluster 2
BV1NvfqBcE8g,文科毕业生0.00吃一顿,670428,62588,1343,2782,353,美食记录,文科毕业生0 00吃一顿,3,-1,2.2828329,1.6302036,2.4336662,0.13099426,Cluster 3
BV1nXfTBTETk,新年祝大家长生不老，新年能给电子宠物头个币吗谢谢！年就这样过完了，没啥感觉。,208789,23324,30633,1727,163,三农,新年祝大家长生不老 新年能给电子宠物头个币吗谢谢 年就这样过完了 没啥感觉,1,-1,3.141783,0.18173383,-3.2969267,-1.794678,Cluster 1
BV1o9cLzsEAd,小时候看他第一视角吓哭了？,854097,45414,516,11499,481,网络游戏,小时候看他第一视角吓哭了,1,-1,1.8666956,2.6277452,-3.9219897,-8.862299,Cluster 1
BV1o9Z6BDEKj,【时代少年团】2026十八楼联欢晚会-春节广告知多少,1152162,55492,13745,15700,3110,明星综合,时代少年团 2026十八楼联欢晚会 春节广告知多少,2,-1,1.9068754,-3.3310819,2.965391,1.9833208,Cluster 2
BV1obfwB7EwQ,我也要回答吗？【奇言海论#7】,497637,40124,8919,21318,303,单机游戏,我也要回答吗  奇言海论 7,3,-1,-0.8294338,1.8454685,2.8350613,-3.061119,Cluster 3
BV1ocfJB8EcX,当日本女生说最喜欢中国乡下,812161,37676,668,2269,242,日常,当日本女生说最喜欢中国乡下,1,-1,1.3558156,1.7852383,1.9786414,-2.2215035,Cluster 1
BV1offTBwE9B,【依旧渲染大赛】欢迎来到韩的创意工坊,289037,34338,1274,7669,3798,搞笑,依旧渲染大赛 欢迎来到韩的创意工坊,4,-1,-3.99295,-1.87428,5.3207088,5.612294,Cluster 4
BV1oFZiB3EvP,【公路求生整活短剧！】全明星！搞笑短剧！小作坊！持续更新中…,1056408,94986,7713,21989,4172,鬼畜调教,公路求生整活短剧  全明星 搞笑短剧 小作坊 持续更新中,4,-1,-5.631411,-0.92962664,-4.5555463,9.390455,Cluster 4
BV1oGfjBsE6z,《论朝鲜美食的苏维埃化》,864226,26202,5443,10361,1155,美食侦探,论朝鲜美食的苏维埃化,3,-1,-1.6001596,0.8035733,4.4142137,-2.1057203,Cluster 3
BV1oKfyBAEhi,一人开发15年，星露谷物语如何成为最好的种田游戏【侦查冰】,53034,3860,805,1129,279,单机游戏,一人开发15年 星露谷物语如何成为最好的种田游戏 侦查冰,0,-1,-4.3655195,-2.485996,-0.60618335,6.150324,Cluster 0
BV1oofTBYEqc,【空谈特摄】吓哭了！是强力型爱好者！《假面骑士ZZZ》梦胶囊从夯到拉排行！,134443,9439,1412,2687,332,特摄,空谈特摄 吓哭了 是强力型爱好者  假面骑士ZZZ 梦胶囊从夯到拉排行,0,-1,-1.4929886,-2.4744768,0.50729233,2.6170712,Cluster 0
BV1ooZYBvEqT,大家就说我快不快！帅不帅！,2442817,146434,36918,44291,955,日常,大家就说我快不快 帅不帅,1,-1,3.4211402,5.802848,-0.38426855,-4.4754887,Cluster 1
BV1oRfqBjEmR,法尔伽到底还有多少“细节”是我不知道的？！,127565,14187,2524,1077,350,手机游戏,法尔伽到底还有多少 细节 是我不知道的,1,-1,3.3917675,3.8125563,-0.4201998,-7.0119157,Cluster 1
BV1oXfABSEgQ,豉油膏是一种历史悠久的调味料,949839,39051,777,2047,190,三农,豉油膏是一种历史悠久的调味料,3,-1,-1.2334509,2.460921,3.9521732,-7.2958465,Cluster 3
BV1oXfABSEyg,全程军事化管理！大司马+茄子+轰轰+沫子，一个大脑控制四个人,802020,24735,3445,2882,3154,电子竞技,全程军事化管理 大司马 茄子 轰轰 沫子 一个大脑控制四个人,3,-1,0.519437,-1.3996165,0.2093983,1.4054031,Cluster 3
BV1oxfFBrE3x,复刻美国白人的甜食晚餐，据说打着胰岛素吃都齁甜，是真的吗？,1541871,17340,2293,3488,270,美食测评,复刻美国白人的甜食晚餐 据说打着胰岛素吃都齁甜 是真的吗,2,-1,6.684775,-2.389431,-8.363603,-1.20291,Cluster 2
BV1oyZfBzEcF,【传奇耐熬王】大鱼多多！🐟渔流永远是版本答案💪渔王还想继续做渔王👑可san值💔已经不知去向....,494380,33436,9455,9036,1320,搞笑,传奇耐熬王 大鱼多多  渔流永远是版本答案 渔王还想继续做渔王 可san值 已经不知去向,0,-1,-2.0791352,-2.4512653,-0.2687707,4.0396314,Cluster 0
BV1p3fnBkEYT,哈德森搁这亲手制造亲卫队呢,1062598,70653,1770,15479,10751,电子竞技,哈德森搁这亲手制造亲卫队呢,1,-1,1.4373026,3.7637296,0.22511367,-4.5458093,Cluster 1
BV1PafcB4E3c,【TF家族练习生】《双城“境”》EP1：“吾鹅”的成都行,1321934,31536,3339,11975,3044,明星综合,TF家族练习生  双城 境  EP1  吾鹅 的成都行,4,-1,-3.888449,0.10807727,6.394984,0.538406,Cluster 4
BV1PafcB4ET6,抓 的 最 准 的 一 集,539244,35409,1648,3016,1628,手机游戏,抓 的 最 准 的 一 集,4,-1,-2.2980072,1.5370641,-4.192218,7.1811213,Cluster 4
BV1pcc7zzEpV,【星穹铁道乐子大会】太欢愉了！爻光大战火花！,2008411,477038,656980,307617,20320,手机游戏,星穹铁道乐子大会 太欢愉了 爻光大战火花,4,-1,-5.6412964,-1.1400942,1.7781789,7.069665,Cluster 4
BV1PCfTBVEQd,老师嘲讽学生摔倒结果老师摔倒100次！！,3755347,103970,1895,18589,3005,搞笑,老师嘲讽学生摔倒结果老师摔倒100次,3,-1,1.0232995,-0.54316485,-0.46129295,-1.1123531,Cluster 3
BV1PCfzBYEpV,【1.0版本最终版】冰系梦之队 别礼/伊冯双C阵容 毕业装备推荐,92905,3210,1132,3379,955,手机游戏,1 0版本最终版 冰系梦之队 别礼 伊冯双C阵容 毕业装备推荐,0,-1,-1.5491489,-6.4263043,-4.424739,4.681678,Cluster 0
BV1PecszcEFj,短剧已经癫到这种程度了吗？逆天短剧剧情大赏，看完笑疯了哈哈哈哈,409013,26738,2258,3012,3264,影视杂谈,短剧已经癫到这种程度了吗 逆天短剧剧情大赏 看完笑疯了哈哈哈哈,2,-1,4.7155232,-3.6181412,-5.398687,-0.27387628,Cluster 2
BV1PfZrBTEed,陈翔六点半:面对面，看不见,4020641,41637,4901,12265,940,小剧场,陈翔六点半 面对面 看不见,1,-1,1.9205186,0.5602631,-2.6494935,0.37306815,Cluster 1
BV1PgfFBXEne,！？铁花飞？！,105306,14464,2359,2218,533,翻唱,铁花飞,3,-1,-3.2997122,2.9126043,4.873735,-3.4115965,Cluster 3
BV1pifHB5EK2,【时代少年团】2026十八楼联欢晚会-楼斯卡,1053862,51617,13304,13814,1254,明星综合,时代少年团 2026十八楼联欢晚会 楼斯卡,4,-1,-5.9101844,-0.7294414,-3.573987,9.216385,Cluster 4
BV1PkfNBKEKV,甜美的深海史前巨兽，震撼测评！,437717,8720,1229,1568,368,美食测评,甜美的深海史前巨兽 震撼测评,2,-1,4.6347795,-4.7179375,-5.749024,1.1914039,Cluster 2
BV1PmfTB6EAG,【伊冯】说谎的马卡龙,29284,3013,1425,1792,43,综合,伊冯 说谎的马卡龙,0,-1,-4.6850815,0.57447,1.6570137,5.456238,Cluster 0
BV1PnfBB8EhW,猎哥说有人在抱哈夫币【三角洲动画】,1031796,92182,43738,34616,3844,单机游戏,猎哥说有人在抱哈夫币 三角洲动画,4,-1,-5.155434,0.19206092,2.0503376,6.043214,Cluster 4
BV1pPfzBFEsZ,另类诈骗，道德沦陷！全网无人聊透的隐藏细节！30000字细嗦《震耳欲聋》全细节,33090,2695,1456,1132,125,影视杂谈,另类诈骗 道德沦陷 全网无人聊透的隐藏细节 30000字细嗦 震耳欲聋 全细节,2,-1,3.600496,-3.7485921,-7.7506447,1.5369241,Cluster 2
BV1PpZRBuEA3,我的刀盾入侵，葫芦狗金刚合体！,6988826,142140,5614,113771,10274,AI影像,我的刀盾入侵 葫芦狗金刚合体,0,-1,-4.846879,-3.0702033,-0.046821192,6.8695083,Cluster 0
BV1pQfFB9Evu,巅峰赛1909分打野韩信0死全局思路解说——请不要再用牌子和评分绑架自己（这条的中期运营是看点）,413819,37303,4093,3779,577,电子竞技,巅峰赛1909分打野韩信0死全局思路解说  请不要再用牌子和评分绑架自己 这条的中期运营是看点,2,-1,2.4061868,-5.3251953,-4.302852,3.2417676,Cluster 2
BV1PRf3BHEH2,我爸国学失算，令我赌石落败！,202089,11036,1062,904,115,日常,我爸国学失算 令我赌石落败,3,-1,-1.8509432,2.0520568,2.8819308,-9.246586,Cluster 3
BV1PsfMBLExH,夯爆了！这才叫小品！盘点今年超厉害的春晚小品！,305205,9448,1044,2594,280,影视杂谈,夯爆了 这才叫小品 盘点今年超厉害的春晚小品,2,-1,6.3982434,-3.6799264,-6.041811,-1.15812,Cluster 2
BV1PTfnBLECK,终末地真的太好玩啦！,422002,18274,1762,2298,2409,单机游戏,终末地真的太好玩啦,1,-1,3.1579275,2.4442663,-3.062502,-4.261386,Cluster 1
BV1PtZfBHEEZ,你管这玩意叫“桥”？还拿了世界第一？？？,424480,36567,12463,5651,229,单机游戏,你管这玩意叫 桥  还拿了世界第一,1,-1,4.988275,3.4134343,-1.8004708,-3.7520297,Cluster 1
BV1PufpBQEvr,别急，嘎完你的嘎你的！,632952,41962,44108,9832,641,喵星人,别急 嘎完你的嘎你的,1,-1,4.0884175,3.147325,-2.3344638,-3.6210742,Cluster 1
BV1pvfcBsE2a,卖淫合法、军队走私、人民绝望：揭秘伊朗大崩溃的真实原因！,435394,15806,3925,5041,635,人文历史,卖淫合法 军队走私 人民绝望 揭秘伊朗大崩溃的真实原因,2,-1,2.0524912,-4.962035,-8.384318,2.2239735,Cluster 2
BV1pwfNBYEEp,古人陆续凋零，好似风中落叶,718648,63972,629,8340,182,影视剪辑,古人陆续凋零 好似风中落叶,3,-1,-0.7519794,0.9187849,4.300331,-1.1951797,Cluster 3
BV1PWZRBBEEe,【重生计划】花光所有积蓄圆梦法拉利,411161,21610,22098,6007,1431,汽车生活,重生计划 花光所有积蓄圆梦法拉利,3,-1,-1.367024,-2.8910906,1.7437327,1.1244446,Cluster 3
BV1pxf7BvEqa,官宣！虹七归来，记得打开电视收看哦～,768630,55941,14895,6943,12229,国产原创相关,官宣 虹七归来 记得打开电视收看哦,4,-1,-2.234005,0.08812898,-5.1232505,8.579471,Cluster 4
BV1PxZfBXE17,终极硬筋流暗信2.0，典狱长的末日到了,484450,23465,3037,28002,867,电子竞技,终极硬筋流暗信2 0 典狱长的末日到了,0,-1,-1.8217523,-1.4933362,-1.2173861,2.9880736,Cluster 0
BV1PYfcBdEco,裸枪M7的价格，打出超越M7的输出！,1132369,46850,1585,21496,719,网络游戏,裸枪M7的价格 打出超越M7的输出,0,-1,-2.9877186,-0.11617333,2.3259702,9.201296,Cluster 0
BV1pYfHBjEn5,吃甲鱼难道不是一件很神圣的事情吗,435516,34198,955,2299,1537,美食记录,吃甲鱼难道不是一件很神圣的事情吗,1,-1,4.1180453,4.72213,-1.0719419,-6.407134,Cluster 1
BV1PzfAB8E33,我能在豆包猜出末地烛之前通关我的世界吗？,778530,20279,1107,6127,963,单机游戏,我能在豆包猜出末地烛之前通关我的世界吗,1,-1,-0.13988166,1.8368148,-1.1854243,0.60928017,Cluster 1
BV1Q4fEBXEyd,日本职场吐槽,839189,85198,2803,9980,7783,搞笑,日本职场吐槽,3,-1,-1.4361547,-0.06095263,2.4433286,-0.1691375,Cluster 3
BV1q4ZzBnEgX,【熊人修仙传第二集】敢不敢赌一把？我要自制一部熊出没系列的影视短剧！,1490361,75244,21195,18992,3740,鬼畜剧场,熊人修仙传第二集 敢不敢赌一把 我要自制一部熊出没系列的影视短剧,4,-1,-4.4701514,-0.4851778,-3.501555,10.508697,Cluster 4
BV1q9fjB4EYT,大抵我们是最后一代知晓这个手势含义的人了,1124361,52314,710,3379,1859,日常,大抵我们是最后一代知晓这个手势含义的人了,1,-1,3.3559082,4.127475,-0.51375157,-7.224475,Cluster 1
BV1QBfwB3E4G,声音是滑动变阻器,537631,49111,704,5422,1453,搞笑,声音是滑动变阻器,3,-1,-1.2478034,2.769411,4.8334103,-5.478574,Cluster 3
BV1QDZeBbExH,当我往易拉罐里塞了二十枚彩菊会发生什么……,2695125,77063,646,4831,712,日常,当我往易拉罐里塞了二十枚彩菊会发生什么,1,-1,3.563165,2.8379447,-4.243846,-6.1638575,Cluster 1
BV1qHfuBKEeE,干嘛猫的vlog（过年篇）,5515530,186485,28100,84480,20073,喵星人,干嘛猫的vlog 过年篇,3,-1,-1.0490302,-0.40882576,0.6402368,-0.36106822,Cluster 3
BV1QJfcBvE6H,走路大逃杀，减速就死，吃喝拉撒不能停！斯蒂芬·金改编《死亡竞走》【墨菲】,1348464,17078,3679,10032,309,影视杂谈,走路大逃杀 减速就死 吃喝拉撒不能停 斯蒂芬 金改编 死亡竞走  墨菲,4,-1,-5.7714148,-2.483831,3.261277,5.060206,Cluster 4
BV1QKf7BEE9e,猎枭必学点位,3600708,237488,3726,31683,22351,电子竞技,猎枭必学点位,3,-1,-1.4476509,-1.872285,5.5391436,2.567835,Cluster 3
BV1qLfzBQEPq,哲学分析！瑞克莫蒂决定一起自杀？莫蒂记忆全被修改过？《瑞克和莫蒂》S3E9深度解析|影视杂谈|Rick and Morty|成人动画|美剧|科幻|深度解析|代价,99944,4895,631,1053,61,影视杂谈,哲学分析 瑞克莫蒂决定一起自杀 莫蒂记忆全被修改过  瑞克和莫蒂 S3E9深度解析 影视杂谈 Rick and Morty 成人动画 美剧 科幻 深度解析 代价,4,-1,-5.831813,-4.226673,2.7084873,8.723229,Cluster 4
BV1QrfiBTETG,当我过年熬穿了,1939731,137062,540,5557,515,日常,当我过年熬穿了,1,-1,4.933111,4.2773294,-1.5403785,-4.9160805,Cluster 1
BV1qtZDBJE2L,第六季，大决战前夜......《下一个是谁6》番外02,1476274,139042,91566,29675,2499,日常,第六季 大决战前夜       下一个是谁6 番外02,0,-1,-2.639835,-2.6607535,-0.85717225,8.985501,Cluster 0
BV1QufMBsEG8,被一只狗毁掉的假期......,156275,9212,2176,1118,650,短片,被一只狗毁掉的假期,0,-1,-3.4980593,1.7275485,-0.38945273,0.9909601,Cluster 0
BV1QVfJBHE4i,当我和MC的生物视角互换！这还能玩？,621366,40504,4868,5249,295,单机游戏,当我和MC的生物视角互换 这还能玩,1,-1,-0.68491584,1.9516265,-0.88356954,-9.942794,Cluster 1
BV1qvZCBhEei,为什么《飞驰3》是春节档的满分答卷，6000字解读《飞驰人生3》细节和隐喻！原来结局是这样！【春节档观察团】,4529588,92783,8968,35895,2584,影视杂谈,为什么 飞驰3 是春节档的满分答卷 6000字解读 飞驰人生3 细节和隐喻 原来结局是这样  春节档观察团,2,-1,2.072257,-5.8413286,-5.169727,2.0844,Cluster 2
BV1qWZZBNE36,胖龙又迎来一春，脸上看着满面春光的，和儿子在家涮火锅,986137,17855,3305,2640,316,美食记录,胖龙又迎来一春 脸上看着满面春光的 和儿子在家涮火锅,1,-1,0.17441584,1.5810803,-1.9641961,-6.122205,Cluster 1
BV1QYfnB4EeV,500 个冬天-lilwukong AI MV 4K-60HZ-HDR,208351,23950,6226,10165,3558,原创音乐,500 个冬天 lilwukong AI MV 4K 60HZ HDR,4,-1,-2.949797,2.2207475,9.053703,-2.7899659,Cluster 4
BV1r6ZKBaE8K,【散人】神作！悬疑怪谈《伊势人鱼物语》P7 meta解谜 幸福完结,491845,44067,6772,7255,425,单机游戏,散人 神作 悬疑怪谈 伊势人鱼物语 P7 meta解谜 幸福完结,0,-1,-4.7017155,-3.3577673,0.43791732,8.716675,Cluster 0
BV1r7fwBREHo,让子弹飞白宫版：国会山税王大战无法无天最高法院,620139,41710,3197,3740,551,社科·法律·心理,让子弹飞白宫版 国会山税王大战无法无天最高法院,3,-1,-2.1031604,-2.4247975,3.8665981,2.2263162,Cluster 3
BV1RafwBLEvB,随机辅助一个忍者上段#12,262461,19370,5147,3038,173,手机游戏,随机辅助一个忍者上段 12,3,-1,-0.28805447,1.5334619,-0.9800086,-10.636463,Cluster 3
BV1rAZkBeEWq,现在AI玩游戏都开始当压力怪了？？？？,2532920,93510,13867,75426,1983,单机游戏,现在AI玩游戏都开始当压力怪了,1,-1,-0.13616477,3.0537126,-2.8032203,-9.300197,Cluster 1
BV1rBfgBVEnx,4.0货币战争现状.exe,1447492,125218,14277,27693,11567,手机游戏,4 0货币战争现状 exe,2,-1,2.7970884,0.20139644,-4.7283707,1.863279,Cluster 2
BV1rcfqBWE23,今天给大家无滤镜展示巧克力爆浆脏脏包！,837874,58908,620,3860,231,美食测评,今天给大家无滤镜展示巧克力爆浆脏脏包,1,-1,3.1411877,1.5329946,-4.7016654,-2.8456318,Cluster 1
BV1RdfqB1Es7,我去？旋转跳300+ ！！！,218448,30482,5880,3521,224,手机游戏,我去 旋转跳300,1,-1,1.5818884,5.5438776,0.34417617,-5.2023053,Cluster 1
BV1refMBMEjT,弱水三千·翻唱·三棒流邪修唱歌法,2028031,230407,2885,16523,13595,翻唱,弱水三千 翻唱 三棒流邪修唱歌法,3,-1,-3.9107516,-0.004851758,7.0632405,2.6434503,Cluster 3
BV1ReZjBjEpx,【无缝剪辑/豌豆射手】别忘了，他可是你的第一道防线，不要忘记他为你而战过，至少，他曾是你的唯一……,355066,26289,5182,12469,282,单机游戏,无缝剪辑 豌豆射手 别忘了 他可是你的第一道防线 不要忘记他为你而战过 至少 他曾是你的唯一,2,-1,1.2107621,-2.3911524,-2.4190114,2.131162,Cluster 2
BV1RFfKBXEVH,让你没手感的朋友来看,133948,7903,1371,7442,445,电子竞技,让你没手感的朋友来看,2,-1,5.312766,0.19008529,-4.986188,-2.367442,Cluster 2
BV1RJZkBQExr,一秒变异！夺舍刘涛+M7+M14+AWM，1019万撤离！,2835090,108371,2065,9068,969,网络游戏,一秒变异 夺舍刘涛 M7 M14 AWM 1019万撤离,2,-1,2.6563287,-2.9645915,-2.5853782,1.1893473,Cluster 2
BV1RMfHBYEWb,春天的精灵/复苏季,180912,16752,957,5461,993,MV,春天的精灵 复苏季,0,-1,-5.2260685,2.4686215,0.67481107,5.147149,Cluster 0
BV1RnFozNEJq,美国人为啥读不起书？美国教材大乱斗，能有多抽象？,489332,33503,2550,5536,654,人文历史,美国人为啥读不起书 美国教材大乱斗 能有多抽象,2,-1,6.72534,-3.4993348,-8.696002,-0.041338548,Cluster 2
BV1RQfGBGEgL,《获刑宣言》,6290441,461082,13393,38828,19149,搞笑,获刑宣言,3,-1,-3.298884,1.6838037,9.9889765,1.0551999,Cluster 3
BV1Rrf7BsEfq,SWAT特警大战军方秘密特工，飞刀威力堪比巴雷特，催泪瓦斯当烟抽！,626611,30629,888,8782,2050,日常,SWAT特警大战军方秘密特工 飞刀威力堪比巴雷特 催泪瓦斯当烟抽,2,-1,0.1299422,-3.2719889,0.1129739,2.0616794,Cluster 2
BV1RRfcB6END,【第五人格】此视频疑似向全世界第五玩家开战,272008,35023,779,6822,9183,手机游戏,第五人格 此视频疑似向全世界第五玩家开战,0,-1,-2.8119898,-0.4195592,1.3008056,3.3845258,Cluster 0
BV1rRfCBrEng,庞氏骗局大结局！贾队长最硬气的一回！拍马屁还得拍这样的【十级学者详解地下交通站12-4】,37096,5517,2808,2107,1951,影视杂谈,庞氏骗局大结局 贾队长最硬气的一回 拍马屁还得拍这样的 十级学者详解地下交通站12 4,4,-1,-3.6707623,-2.1750903,2.5084424,4.6994767,Cluster 4
BV1RRZ7BQEhk,一天三顿小汉堡，马不停蹄吃个饱,277666,21181,1284,6114,340,美食记录,一天三顿小汉堡 马不停蹄吃个饱,2,-1,4.5999928,0.91684836,-6.7008615,-3.8562675,Cluster 2
BV1RTZiBiE1M,今晚这段谁能绷住，大司马跟猴哥双排，他俩可以上春晚小品了,2581707,59377,8805,7038,11336,电子竞技,今晚这段谁能绷住 大司马跟猴哥双排 他俩可以上春晚小品了,2,-1,4.1623106,-0.6799517,-3.0087304,-2.2736874,Cluster 2
BV1rUZyB6EqF,剥蒜的情谊113.0,1090941,60654,1390,4277,735,网络游戏,剥蒜的情谊113 0,3,-1,-3.3625898,3.3307564,7.1996675,-3.7939944,Cluster 3
BV1rVfFBSE2o,当 鼓 手 回 村 过 年,2770218,177388,2528,10627,3135,演奏,当 鼓 手 回 村 过 年,3,-1,-1.8293849,3.113365,3.3300447,-1.2083961,Cluster 3
BV1RvfwBVEWt,是什么让女主持人秒变硬汉？【慧小媛】,349377,16476,2273,854,95,日常,是什么让女主持人秒变硬汉  慧小媛,4,-1,-1.8744744,0.05571159,1.5339446,1.6757756,Cluster 4
BV1rWfiBUEha,【原神】免费五星+免费皮肤！再送65抽！6.4月之五福利全汇总！上下半都有多少原石？法尔伽结束前能拿多少抽？6.5月之六卡池！洛恩/尼可/莉奈娅/格蕾特/木偶,145193,6859,935,2181,680,手机游戏,原神 免费五星 免费皮肤 再送65抽 6 4月之五福利全汇总 上下半都有多少原石 法尔伽结束前能拿多少抽 6 5月之六卡池 洛恩 尼可 莉奈娅 格蕾特 木偶,0,-1,-3.441248,-4.485807,-3.6493695,5.0556765,Cluster 0
BV1RwfMBFEbK,我新公寓的浴缸里，竟然有一个微型的古代文明...,78767,2793,1356,1364,77,国产原创相关,我新公寓的浴缸里 竟然有一个微型的古代文明,1,-1,4.446868,0.041121997,-4.4682207,-4.804133,Cluster 1
BV1rWfPBbELS,巴克什博物馆房顶爽抽全图点位,528820,21474,1292,15682,8659,日常,巴克什博物馆房顶爽抽全图点位,4,-1,-3.747363,-1.8908948,1.9435323,4.1133084,Cluster 4
BV1rwfqBXEMs,那个只知道吃的小姨回村过年了！！！,128209,12604,833,687,70,美食记录,那个只知道吃的小姨回村过年了,1,-1,2.9820323,2.362039,-2.0866244,-6.1917624,Cluster 1
BV1RxZ2BPECk,二 鬼 拍 门，绝 杀 无 解,4377037,224644,9198,9661,3293,手机游戏,二 鬼 拍 门 绝 杀 无 解,3,-1,-2.415804,-1.5370337,5.897412,2.625571,Cluster 3
BV1SAfwBNEj8,“劣迹艺人”那艺娜：从农妇到“抽象顶流”，4年骗局彻底翻车,977283,18761,856,4933,1478,日常,劣迹艺人 那艺娜 从农妇到 抽象顶流  4年骗局彻底翻车,2,-1,2.1826494,-3.5505056,-7.3040376,1.400617,Cluster 2
BV1SbfjBCEzN,满怀着紧张开-始! | 'Polaroid Love' 翻唱视频Reaction,107215,11899,5819,3019,670,音乐综合,满怀着紧张开 始     Polaroid Love  翻唱视频Reaction,4,-1,-3.3199134,1.2325882,8.131122,0.2895326,Cluster 4
BV1sKfuBjEB2,香港.澳洲牛奶公司 厨子探店¥110,778474,56411,764,4094,984,美食侦探,香港 澳洲牛奶公司 厨子探店 110,3,-1,0.88461804,-1.0024488,3.1410139,0.27951905,Cluster 3
BV1SLfMBnEdR,史上最全！盘点《生化危机2：重制版》 50 个彩蛋和细节！,120304,7307,1634,2546,216,单机游戏,史上最全 盘点 生化危机2 重制版  50 个彩蛋和细节,2,-1,4.3438444,-5.7833877,-6.0182195,1.8791085,Cluster 2
BV1SLFUziE3Z,"《重返未来：1999》洛伦兹蝴蝶PV：科算中心亲启|ᐕ)⁾⁾ Crack It If You Can, LSCC |ᐕ)⁾⁾",891787,30946,5322,6392,3793,手机游戏,重返未来 1999 洛伦兹蝴蝶PV 科算中心亲启      Crack It If You Can  LSCC,4,-1,-5.51312,1.13898,8.907706,-2.8443408,Cluster 4
BV1SLZeBpENg,销冠2025名场面合集！兄弟们当春晚看吧！,2350813,112716,1363,6555,666,娱乐粉丝创作,销冠2025名场面合集 兄弟们当春晚看吧,4,-1,-0.6603971,-2.349029,2.7877715,2.1733634,Cluster 4
BV1sqZHBSEfR,人生买第一辆车要怎么买？听完这7句话就懂了！,233580,14962,1848,3874,1115,汽车生活,人生买第一辆车要怎么买 听完这7句话就懂了,2,-1,7.2941976,-2.9983413,-9.216679,-0.4714538,Cluster 2
BV1sQZtBeEhX,两个人都沉浸在自己的表演里无法自拔,6749053,306179,7392,36865,11881,搞笑,两个人都沉浸在自己的表演里无法自拔,1,-1,0.52703357,3.3137207,-4.226641,-8.084236,Cluster 1
BV1STfBBME4H,三角洲行动 22万S级输出！再次突破后坐力代码BUG！最新版本M249的全面解析与改法教学！,369847,19778,586,12279,1854,网络游戏,三角洲行动 22万S级输出 再次突破后坐力代码BUG 最新版本M249的全面解析与改法教学,4,-1,-4.5869184,-3.5839891,4.4911485,8.263986,Cluster 4
BV1sTfuB1EFw,蜂医没撤出去的那一分钟都在想什么？,504891,53984,7714,12784,1050,鬼畜调教,蜂医没撤出去的那一分钟都在想什么,1,-1,5.382481,2.47338,-3.2136643,-5.140183,Cluster 1
BV1svfcBsET5,老师：我要验牌，这不是你写的作业,1745753,61378,1220,12820,1009,手工,老师 我要验牌 这不是你写的作业,1,-1,2.8887253,1.0367992,-0.71035546,-1.4983943,Cluster 1
BV1SvfTBUEYd,【明日方舟：终末地】莱万汀bug直到一个月后才被发现？庇护效果实际只有10％？！,257221,6943,943,758,6160,日常,明日方舟 终末地 莱万汀bug直到一个月后才被发现 庇护效果实际只有10,0,-1,-4.2230654,-1.2972406,1.3445221,8.560864,Cluster 0
BV1SVZeB9Ege,《这分明是伪装成春节的劳动节》,2441232,116649,1947,14888,293,搞笑,这分明是伪装成春节的劳动节,1,-1,3.0092487,4.4727387,-0.90020293,-6.0993924,Cluster 1
BV1sWfJByECR,钢琴龙复活啦！《波比的游戏时间》第五章 全收集/全彩蛋,368694,19591,4323,7468,285,单机游戏,钢琴龙复活啦  波比的游戏时间 第五章 全收集 全彩蛋,0,-1,-5.447064,-2.3568985,-0.022915073,7.2322016,Cluster 0
BV1sZfBBNE97,【2月】中国在海外十大最火的相关内容（事件）&ep.1,268634,11773,1522,2013,255,影视杂谈,2月 中国在海外十大最火的相关内容 事件  ep 1,4,-1,-1.8035976,-1.3564589,3.655529,1.1229368,Cluster 4
BV1sZfiBxEhB,还得是老游戏，一关要打上千回合！肾上腺素飙升，这就是挑战的极限！【卡布西游】,291581,20985,2100,1648,175,网络游戏,还得是老游戏 一关要打上千回合 肾上腺素飙升 这就是挑战的极限  卡布西游,0,-1,-1.6547084,-3.393976,-1.7472452,5.4964166,Cluster 0
BV1T2f3BoEmi,最终鬼畜火花花,1626325,148618,11529,33382,7137,综合,最终鬼畜火花花,4,-1,-5.4837103,-0.1766974,2.1286743,7.145535,Cluster 4
BV1t8fqBeEk4,“曲婉婷账号没了”：复出试水不足24小时，被全网抵制,583323,23214,1738,2937,840,日常,曲婉婷账号没了  复出试水不足24小时 被全网抵制,2,-1,4.1305676,-2.219951,-6.9982367,0.90694475,Cluster 2
BV1T8fqBeEz4,震撼首发！蜘蛛侠＆死侍穿越复活格温！【B站AI创作大赛-开放赛道】,1003095,87270,47288,25672,10811,影视剪辑,震撼首发 蜘蛛侠 死侍穿越复活格温  B站AI创作大赛 开放赛道,4,-1,-5.7175264,-3.683407,4.2718706,6.769026,Cluster 4
BV1TafqBAEsa,命运的回旋镖哈哈哈哈,137587,14613,507,706,56,小剧场,命运的回旋镖哈哈哈哈,1,-1,0.9010807,1.7096258,-2.7048252,-4.0372667,Cluster 1
BV1TEZoBSESM,这屠夫有力气,912365,58574,2173,21479,954,单机游戏,这屠夫有力气,1,-1,2.2908459,4.808018,-0.4043462,-4.541722,Cluster 1
BV1tFfuBnEcq,史上最沙雕的钓鱼小游戏楚新钓，氪金五万能霸服吗,299495,17857,6350,2001,572,网络游戏,史上最沙雕的钓鱼小游戏楚新钓 氪金五万能霸服吗,2,-1,3.8031225,-5.4075747,-5.2608967,3.3932354,Cluster 2
BV1tFfuBnEqv,【随之任之】我重新挖掘了这首神曲的真正含义【老曲新译#4】,55191,9775,2259,4497,359,翻唱,随之任之 我重新挖掘了这首神曲的真正含义 老曲新译 4,3,-1,0.4963715,0.18050823,-1.3294244,-1.5803654,Cluster 3
BV1tnfgBdEpk,硬核版塔科夫，从0资产到通关《逃离：生化科夫》【01】,2110743,91726,9304,51082,2380,单机游戏,硬核版塔科夫 从0资产到通关 逃离 生化科夫  01,0,-1,-3.0137606,-1.175305,-1.3506302,6.6469636,Cluster 0
BV1tnfJB2E8a,董事长驾到统统闪开,1851156,227395,17137,83391,5038,同人·手书,董事长驾到统统闪开,2,-1,4.4184923,-0.96358573,-5.1716833,-1.7006652,Cluster 2
BV1tPFQzrEHu,建议严查这批“神人带货主播”！太离谱了！,6139115,62692,4854,29702,507,美食测评,建议严查这批 神人带货主播  太离谱了,2,-1,6.750585,-3.1559756,-6.9219613,0.1404968,Cluster 2
BV1tQfiB8E4Q,留学几年终于东北相聚！清晨早市这一口，太舒服了！,304716,19590,7993,2210,411,美食侦探,留学几年终于东北相聚 清晨早市这一口 太舒服了,2,-1,7.21168,-3.3056202,-7.7013125,-1.4406421,Cluster 2
BV1tQfiB8EYQ,嘉豪历险记！,776498,69701,4834,11590,703,搞笑,嘉豪历险记,3,-1,-4.0446706,0.88264555,5.4496613,1.929848,Cluster 3
BV1tqfTB7E4K,老规矩，先猜颜色。,2080596,62623,1498,5944,1005,汽车生活,老规矩 先猜颜色,3,-1,-1.6334304,3.4097445,3.3824472,-3.2134612,Cluster 3
BV1TqfzBqEAn,今晚这把效果拉满！轰轰给大司马舔的飞起，风头全是长官的！,418840,12398,1644,1395,1117,电子竞技,今晚这把效果拉满 轰轰给大司马舔的飞起 风头全是长官的,1,-1,4.5990806,1.6552044,-2.7531986,-2.9527044,Cluster 1
BV1tRfPBMEwr,无敌电刺点位思路教学，学不会你骂我！,968280,52921,954,10992,3627,网络游戏,无敌电刺点位思路教学 学不会你骂我,2,-1,3.6017551,-4.0602107,-4.5651116,2.957757,Cluster 2
BV1TxfcBhEDa,【第二集】【全民公路求生】全明星公路求生整活短剧！全明星！搞笑短剧！小作坊！持续更新中…,439698,50254,5712,8587,1110,鬼畜调教,第二集  全民公路求生 全明星公路求生整活短剧 全明星 搞笑短剧 小作坊 持续更新中,4,-1,-6.027694,-1.3027757,-4.5354104,9.4216385,Cluster 4
BV1TxfcBhEyF,当你强行炸了狗子最心爱的盆，看看是什么反应？,489530,17290,3954,1113,359,汪星人,当你强行炸了狗子最心爱的盆 看看是什么反应,2,-1,4.691082,-1.8598886,-6.6143913,-0.9386491,Cluster 2
BV1TXfVBhEAa,Ai头像标志设计小技巧,2589573,75658,1060,12450,400,设计·创意,Ai头像标志设计小技巧,3,-1,-2.4077299,0.14012691,4.2794995,0.17249648,Cluster 3
BV1TXZrB3Eux,【TF家族练习生】《星期五练习生》123：《反差的LOVE》,2687981,111730,18952,48457,2894,明星综合,TF家族练习生  星期五练习生 123  反差的LOVE,4,-1,-2.17397,2.1848042,7.330361,-0.85820854,Cluster 4
BV1TzfEB1Ebp,币战科研项目：厄了梅！残梅绽竟能无限充能羁绊层数？阮梅重登击破唯一机制女王！,1045242,73199,4149,20398,8874,手机游戏,币战科研项目 厄了梅 残梅绽竟能无限充能羁绊层数 阮梅重登击破唯一机制女王,0,-1,-2.4900672,-4.4447355,-0.21488981,4.060044,Cluster 0
BV1u2fVBvEdE,查 理 斯 参 加 冬 奥 会,780206,17787,15118,3174,9328,竞技体育,查 理 斯 参 加 冬 奥 会,3,-1,-2.6578472,0.8953801,8.411259,-4.597438,Cluster 3
BV1u2fVBvEmP,蛋仔派对：开局一个水方块，双人如何生存下去？,3211725,35631,2006,41123,70,手机游戏,蛋仔派对 开局一个水方块 双人如何生存下去,0,-1,-1.4871402,-2.554926,-1.9904605,4.71749,Cluster 0
BV1u4fqBiEPr,低质视频，别点开,1657505,196694,6150,5208,741,搞笑,低质视频 别点开,3,-1,2.6048198,0.83828956,1.8723483,-0.24975012,Cluster 3
BV1U7fJBUEBU,5岁外甥女给舅舅磕头拜年，获赠30斤重价值30多万元的银砖，家长退还后，舅舅又送一块价值1000多元带“压岁钱”字样的银砖,2910437,117329,597,4092,1508,社会,5岁外甥女给舅舅磕头拜年 获赠30斤重价值30多万元的银砖 家长退还后 舅舅又送一块价值1000多元带 压岁钱 字样的银砖,3,-1,0.107326925,-1.6943871,4.129158,0.5762235,Cluster 3
BV1u8c7zSE2D,史无前例蓝胖子,1457438,92593,4921,7272,16482,喵星人,史无前例蓝胖子,3,-1,-0.56202745,-0.045203127,1.3645406,1.25643,Cluster 3
BV1ubfABTEGS,不实名举报某工厂招黑工。,185033,31386,4465,6878,232,单机游戏,不实名举报某工厂招黑工,2,-1,2.7345448,-0.1548278,-6.934918,0.71784306,Cluster 2
BV1ubfqBNEtz,身体一半被烧毁的女同学？是最漂亮的女朋友！【治愈纯爱】,127711,5759,632,3741,272,动漫杂谈,身体一半被烧毁的女同学 是最漂亮的女朋友  治愈纯爱,0,-1,-3.9022858,-1.2853968,-0.11356805,3.1487534,Cluster 0
BV1UbZ7BzEF7,【速凌宇宙】第十一集：阿萨拉新角色出场！哈基蜂监狱大战典狱长？？！！,6960709,243339,36456,187841,1933,单机游戏,速凌宇宙 第十一集 阿萨拉新角色出场 哈基蜂监狱大战典狱长,0,-1,-7.404769,-3.2774773,0.14954653,7.657227,Cluster 0
BV1UcfCBmE96,《末 路 狂 屎》,94405,7953,1433,1374,121,综合,末 路 狂 屎,3,-1,-3.411349,2.3257527,6.30281,-5.418152,Cluster 3
BV1uFfFB8Eh1,你有没有可乐喝……,659058,70339,1624,3298,800,同人·手书,你有没有可乐喝,3,-1,0.5066016,4.514916,1.4034684,-4.599351,Cluster 3
BV1UFfuBnESb,李连杰动作巅峰高分神作！未删减4K修复重温经典功夫电影《精武英雄》【总集篇】,131643,7741,3160,2516,149,影视杂谈,李连杰动作巅峰高分神作 未删减4K修复重温经典功夫电影 精武英雄  总集篇,4,-1,-4.7618,-4.486904,2.6422079,7.2009187,Cluster 4
BV1uGfKB1EjH,奥特曼首次惨败太难绷，怪兽殿下其实是小孩？哥莫拉撑地被制成标本，老资历也怕人类大手！,159510,10792,1455,2889,212,特摄,奥特曼首次惨败太难绷 怪兽殿下其实是小孩 哥莫拉撑地被制成标本 老资历也怕人类大手,2,-1,0.82164735,-4.9002013,-0.5267628,2.0493822,Cluster 2
BV1UGfKByEyx,不可思议的扫转！Zywoo逆天180°扫转让世界瞬间沸腾！谁看了不得惊呼一句WOC！夺冠同时并获得生涯第30枚MVP！,746242,30650,4185,3630,8464,电子竞技,不可思议的扫转 Zywoo逆天180 扫转让世界瞬间沸腾 谁看了不得惊呼一句WOC 夺冠同时并获得生涯第30枚MVP,4,-1,-2.6249888,-0.54820585,8.869611,1.623096,Cluster 4
BV1uHfcBPEzz,暴跌80%！从12.8元到2.5元，牛奶中的“爱马仕”为啥跌落神坛？,814635,17825,1107,3626,656,财经商业,暴跌80  从12 8元到2 5元 牛奶中的 爱马仕 为啥跌落神坛,2,-1,5.496699,-3.705641,-8.677484,0.7669931,Cluster 2
BV1UJfgBxEB1,西梅汁后续来了,3595438,237129,12453,82194,43678,日常,西梅汁后续来了,3,-1,-0.16388763,1.5178292,0.81667703,-1.8179305,Cluster 3
BV1UKfwBAEPL,《雷霆小丑》,1180568,24544,709,695,156,网络游戏,雷霆小丑,4,-1,-4.8019624,2.3134456,6.432895,-5.383351,Cluster 4
BV1umZDBiEui,生化危机8dlc萝丝魅影讲了什么？生化9之前先来个前情回顾吧【D9蒙太奇】,613406,17834,516,1878,113,单机游戏,生化危机8dlc萝丝魅影讲了什么 生化9之前先来个前情回顾吧 D9蒙太奇,0,-1,-1.6325804,-3.5831923,-1.9735023,3.3332877,Cluster 0
BV1UoZoBXE7S,“当年想出这三个百万转场镜头的简直是个天才”【春节档观察团】,1652241,102318,5947,20824,2317,影视剪辑,当年想出这三个百万转场镜头的简直是个天才  春节档观察团,1,-1,2.0401027,0.53876567,-2.1076634,-2.3065457,Cluster 1
BV1uQf7BmEFc,思路打开，铁锅秒变不粘锅，还能边煎边煮，太适合懒人了，今天吃营养早餐三明治和红枣燕麦粥！,1519671,65507,959,5874,1050,美食记录,思路打开 铁锅秒变不粘锅 还能边煎边煮 太适合懒人了 今天吃营养早餐三明治和红枣燕麦粥,2,-1,3.13148,-1.6792855,-5.9535136,-3.508194,Cluster 2
BV1uRZ1BxEwV,【TF家族】《新春荣耀大作战》EP2,6142503,125817,21758,47527,4039,明星综合,TF家族  新春荣耀大作战 EP2,4,-1,-5.614966,1.7391301,6.593974,0.44146946,Cluster 4
BV1USfBBzEQj,听妈妈的话,2043505,138147,1233,8684,1078,仿妆cos,听妈妈的话,1,-1,3.1835446,5.416398,-0.7264382,-5.136251,Cluster 1
BV1utZhBmEmq,血拼32小时赚1828元｜距20万首付差192759元 #真实生活记录 #搞杂工作的欢哥 #生活不会辜负每一个努力的人,91978,29760,8212,1677,54,日常,血拼32小时赚1828元 距20万首付差192759元  真实生活记录  搞杂工作的欢哥  生活不会辜负每一个努力的人,2,-1,4.3820515,-3.715985,-5.3472733,0.6489766,Cluster 2
BV1UuZXBgE56,《Rush-雪》：第五全员向！,889793,106211,18108,44678,4812,同人·手书,Rush 雪  第五全员向,0,-1,-3.0508811,1.800266,-6.505745,6.8334136,Cluster 0
BV1uVfMBXE4i,干嘛,365538,47517,600,17534,1403,日常,干嘛,1,-1,1.8921129,5.624948,0.9386759,-4.760605,Cluster 1
BV1uxfqBTED2,世界结束的方式，并非一声巨响，而是来自于朋友圈里边的603个点赞,325343,24329,1994,808,210,搞笑,世界结束的方式 并非一声巨响 而是来自于朋友圈里边的603个点赞,1,-1,1.4100704,2.111762,-1.5798,-8.768332,Cluster 1
BV1v2fMBFEwe,声音粉福音,1618653,157386,5469,25959,6760,颜值·网红舞,声音粉福音,4,-1,-3.3584666,1.6302761,5.368909,-0.10837026,Cluster 4
BV1v6fKBxERW,全三角洲所有地图一共31个露天非洲之心点位！,341907,13148,1445,16072,1223,单机游戏,全三角洲所有地图一共31个露天非洲之心点位,3,-1,-2.8230138,1.525573,6.755817,6.42999,Cluster 3
BV1V8fCBZE4i,哈哈哈哈哈答非所问,134406,8852,599,1716,93,搞笑,哈哈哈哈哈答非所问,1,-1,3.1807837,3.9799895,-2.6356497,-4.2169175,Cluster 1
BV1VafCB4EL1,导数恒成立问题！分离参数与分类讨论！保姆级讲解,73423,8985,1272,4138,274,校园学习,导数恒成立问题 分离参数与分类讨论 保姆级讲解,3,-1,-4.0123086,-1.5184369,1.5373603,4.621917,Cluster 3
BV1VafuBbEwb,拼好车……,1815167,41699,2003,29794,304,单机游戏,拼好车,3,-1,-1.0920467,3.241578,3.8508577,-3.7561533,Cluster 3
BV1vAZ1BcEwM,⚡️ 赢 麻 了 ⚡️,683581,21056,2378,4546,134,鬼畜调教,赢 麻 了,3,-1,-1.8039209,3.626687,3.9325392,-4.0132937,Cluster 3
BV1vBZaBfEV1,白子别嗷了,3357203,329635,8609,96522,21361,宅舞,白子别嗷了,1,-1,5.132701,1.6682494,-2.7225342,-3.4092422,Cluster 1
BV1vEfzBSE6u,第一次带小宝宝回国过年，他也终于吃上地道中国菜了,196370,19983,2401,524,54,出行,第一次带小宝宝回国过年 他也终于吃上地道中国菜了,2,-1,6.3123136,0.30438662,-6.9238377,-2.5776317,Cluster 2
BV1VffqByEtf,【火影精讲】动漫史上最经典的篇章之一！三忍篇之螺旋丸修行,329664,11771,2743,1719,131,动漫杂谈,火影精讲 动漫史上最经典的篇章之一 三忍篇之螺旋丸修行,0,-1,-4.4189916,-4.5380373,0.39357448,8.747783,Cluster 0
BV1vgfcBrExn,40秒六民族丝滑变装，这才是刻在骨子里的东方美！,792094,84345,9408,21364,1228,日常,40秒六民族丝滑变装 这才是刻在骨子里的东方美,2,-1,6.322279,-3.8797505,-7.26689,-0.2565199,Cluster 2
BV1vifiB6EeV,《上春山》劝你别读博,156522,10081,2155,1141,2099,音乐现场,上春山 劝你别读博,3,-1,-0.92096,3.2507942,2.774208,-2.987453,Cluster 3
BV1VJc7z4EUD,《B 界 修 仙 传：金 丹 显 圣》,465180,32438,8836,17096,380,搞笑,B 界 修 仙 传 金 丹 显 圣,0,-1,-3.7706194,-2.1817224,7.2904162,3.0384603,Cluster 0
BV1VLfcBME9H,【TF_ING】2026新春特辑EP03：厂的桌游局,477880,27526,12973,6379,634,明星综合,TF ING 2026新春特辑EP03 厂的桌游局,4,-1,-5.4582615,-0.7321848,6.6916933,0.6679406,Cluster 4
BV1VLfcBMEoA,春节期间我脑海里的旋律,1222625,107302,12216,12060,4760,仿妆cos,春节期间我脑海里的旋律,1,-1,1.9830194,4.026403,-1.0872791,-2.2994254,Cluster 1
BV1vNfJBoEbD,鳄鱼不会攻击赛伊德小队！鳄鱼：顿顿饱和一顿饱我还是分的清的！「三角洲S8赛季」,1771099,52949,676,2988,941,网络游戏,鳄鱼不会攻击赛伊德小队 鳄鱼 顿顿饱和一顿饱我还是分的清的  三角洲S8赛季,4,-1,-5.469215,1.063672,4.3466945,6.3215337,Cluster 4
BV1VPfMBfE2B,【初九】《疯狂动物城》女性群像仿妆来咯～,805453,71188,2730,4387,165,仿妆cos,初九  疯狂动物城 女性群像仿妆来咯,4,-1,-1.9785641,-1.4669799,3.282215,1.276541,Cluster 4
BV1VrfiBMEsQ,《原神》角色预告-「法尔伽：骑士精神」,1175843,161143,61429,29528,18921,手机游戏,原神 角色预告  法尔伽 骑士精神,0,-1,-6.553441,-3.646768,0.24235004,7.6983576,Cluster 0
BV1vrZCB4EBk,一口气摇完这些年的刷屏热舞！,2888405,141650,16203,120857,3378,宅舞,一口气摇完这些年的刷屏热舞,2,-1,3.9784088,-1.6402941,-6.1067843,-1.1646434,Cluster 2
BV1VUfJBtEux,干员审判开始***,531240,25383,1093,5722,297,网络游戏,干员审判开始,3,-1,-0.50089264,1.7903728,-0.5824435,-6.185244,Cluster 3
BV1VUfJBtEyd,巴克什1v21の传说,1054020,92040,7043,17649,14846,网络游戏,巴克什1v21 传说,0,-1,-4.885489,-0.72554845,0.94788677,6.0792437,Cluster 0
BV1Vvf3BNEPT,当好朋友突然开始讲文明！！！,4531177,251054,5414,20401,16834,搞笑,当好朋友突然开始讲文明,3,-1,-0.02608789,4.2966437,2.2328515,-2.633096,Cluster 3
BV1vvZuBYEfo,放置的方块会随机变成任意方块,832118,18805,795,8886,49,单机游戏,放置的方块会随机变成任意方块,3,-1,-2.2494743,1.2582669,-0.98842794,-10.660232,Cluster 3
BV1vYfiBkEm3,"【原创】椎乃味醂 - Harmony (ft. 原口沙輔, 初音未来)",83250,17461,6850,12254,2389,VOCALOID·UTAU,原创 椎乃味醂   Harmony  ft  原口沙輔  初音未来,4,-1,-4.7194853,-0.24874876,-2.2381372,9.175622,Cluster 4
BV1vyfMBhESU,这是我处了五年的女朋友 她家里一直不同意她嫁给我,878628,55674,3999,5835,1274,日常,这是我处了五年的女朋友 她家里一直不同意她嫁给我,1,-1,6.1492057,3.3594491,-3.301687,-5.9569507,Cluster 1
BV1vzfBBjExs,蕉Ker后室大联动！但有三个胆小菇！,104380,8924,744,1534,112,单机游戏,蕉Ker后室大联动 但有三个胆小菇,3,-1,-2.9046006,0.7385015,5.1953893,1.5604117,Cluster 3
BV1VzfVBgEah,无脑的单细胞黏菌——悬空食物大挑战,3773300,47894,803,11434,195,科学科普,无脑的单细胞黏菌  悬空食物大挑战,0,-1,-3.0263126,-3.2707727,-0.60325176,5.7684865,Cluster 0
BV1w1fqBWEje,“或许...船长的梦该醒了”,191259,33602,792,2272,33,汪星人,或许   船长的梦该醒了,1,-1,2.2846475,1.6632087,-2.00384,-6.108825,Cluster 1
BV1W1ZdBGEhN,【救人位中心】敬我不能，尽我所能,303942,42212,11842,20811,1783,手机游戏,救人位中心 敬我不能 尽我所能,3,-1,-1.438256,1.8534942,8.2278185,-1.4913163,Cluster 3
BV1W8fJB6EPr,《谁家超长版》,2625860,227777,5836,9097,4013,搞笑,谁家超长版,4,-1,-5.034234,1.2640508,6.7380033,1.4632282,Cluster 4
BV1w9fuB5EM3,美国佛罗里达州魔鬼系统洞穴潜水事件,989688,53011,4458,7693,1060,影视杂谈,美国佛罗里达州魔鬼系统洞穴潜水事件,3,-1,-3.7400224,0.23269397,3.9431806,4.787776,Cluster 3
BV1w9fuB5EpX,当两个世界的强者相遇！,1973250,72834,2985,29049,313,搞笑,当两个世界的强者相遇,0,-1,0.24780017,-0.42459673,-11.075414,2.9887574,Cluster 0
BV1WAZYBkEdX,没想到，花3500竟然能买辆凯迪拉克！,334615,17793,544,1977,615,汽车生活,没想到 花3500竟然能买辆凯迪拉克,2,-1,5.366562,0.12850524,-7.9389052,-3.411071,Cluster 2
BV1wBfcBpEdS,一秒变异！夺舍刘涛+满改M7+满改AWM，577万撤离！,689448,29298,735,2957,314,网络游戏,一秒变异 夺舍刘涛 满改M7 满改AWM 577万撤离,2,-1,1.2893952,-3.3674757,-2.5360012,1.2091782,Cluster 2
BV1WbfJB3EX1,给奶奶做《年夜饭》,2154117,37675,1857,39093,106,单机游戏,给奶奶做 年夜饭,3,-1,0.16709977,2.444175,3.0659685,-1.2213627,Cluster 3
BV1wbZRBNEgK,今晚不看后悔！全是名场面，把这游戏玩活了的男人,4221592,132410,23089,19640,20031,电子竞技,今晚不看后悔 全是名场面 把这游戏玩活了的男人,2,-1,2.4825232,-2.1988332,-1.0134048,-0.1511202,Cluster 2
BV1WcfzBwEfo,《明日方舟：终末地》伊冯EP - Lollipop Neo-nista,912665,34603,5612,7623,2304,手机游戏,明日方舟 终末地 伊冯EP   Lollipop Neo nista,4,-1,-5.0137725,1.3038075,8.781162,-2.7753406,Cluster 4
BV1wdf3BDEb1,终末地 法术队新流派——黑丝队,1672226,119473,14533,18062,33127,单机游戏,终末地 法术队新流派  黑丝队,0,-1,-6.3520336,-1.2037978,0.7914823,6.4681826,Cluster 0
BV1WdfiBoEtb,随机后的剧情如何比原版更合理？ |随机宝可梦 卡洛斯篇#5,149760,12543,4425,2534,147,单机游戏,随机后的剧情如何比原版更合理   随机宝可梦 卡洛斯篇 5,0,-1,-4.454893,-2.7956123,-0.8594535,6.6080074,Cluster 0
BV1wDfuBjE6y,把整颗橘子倒上冰板会变成什么？敢看吗！ | Ice Cream Rolls 【ASMR】,561602,15374,718,1884,377,美食制作,把整颗橘子倒上冰板会变成什么 敢看吗    Ice Cream Rolls  ASMR,4,-1,-1.3739147,1.0764217,10.139151,-2.6458387,Cluster 4
BV1WdfwBfEHn,“你是kei...!？那我是谁..?”,270169,25492,549,5071,443,综合,你是kei     那我是谁,1,-1,1.7600104,2.9792116,0.507755,-3.0414047,Cluster 1
BV1WdZ8BzESp,半边身体全被烧毁，每天被人无情嘲笑？！残缺的女孩却依然要对抗全世界拯救你...,402845,58784,2257,26590,1939,综合,半边身体全被烧毁 每天被人无情嘲笑  残缺的女孩却依然要对抗全世界拯救你,2,-1,3.07941,-2.2261026,-1.2722902,0.7325102,Cluster 2
BV1wDZvBEEZa,三年了，和小潮team一起包饺砸！,1724407,168926,29475,21448,1432,出行,三年了 和小潮team一起包饺砸,1,-1,-0.058783717,4.1218204,1.872826,-4.9346538,Cluster 1
BV1wff3BUEgZ,这波全世界都知道橘子要用一闪或二闪了,1779280,101127,4287,3340,1625,手机游戏,这波全世界都知道橘子要用一闪或二闪了,2,-1,5.6980886,-0.079660796,-5.464664,-2.231371,Cluster 2
BV1WffPBvE2D,IVE 'BLACKHOLE' MV,389244,23862,13008,8749,7630,音乐综合,IVE  BLACKHOLE  MV,4,-1,-3.1977232,4.706519,8.785413,-2.815487,Cluster 4
BV1wffwBZECq,「长情为棋，与你……不离」,271093,23905,4043,12050,622,仿妆cos,长情为棋 与你  不离,3,-1,0.037687737,0.6949646,7.628308,3.2007914,Cluster 3
BV1WHf7BMEiT,我发誓只养一只狗,457395,90956,45351,5778,667,汪星人,我发誓只养一只狗,3,-1,-0.8868407,4.4935694,1.8941557,-4.150838,Cluster 3
BV1wHZXBwEhn,【填词/祐天寺若麦】“撕下我的脸，澄清我的血”《怪物之歌》,1477505,185708,38859,148362,5187,VOCALOID·UTAU,填词 祐天寺若麦  撕下我的脸 澄清我的血  怪物之歌,4,-1,-6.8255177,-0.39292747,-1.9058487,9.210929,Cluster 4
BV1wHZXBwEZ5,一期视频带你了解生化危机9安魂曲 里昂的前世今生【D9蒙太奇】,214636,11075,3651,4178,361,单机游戏,一期视频带你了解生化危机9安魂曲 里昂的前世今生 D9蒙太奇,2,-1,1.6875459,-4.7605596,-2.8646638,3.1377053,Cluster 2
BV1WKfuBjEqS,亲戚之间的攀比,265857,18804,1065,1254,443,搞笑,亲戚之间的攀比,3,-1,-1.6708198,2.353473,2.7484446,-2.0000753,Cluster 3
BV1wmc7zMEw9,听说你们想看我穿烟花？🎆,3019026,367969,37011,38470,1877,时尚潮流,听说你们想看我穿烟花,1,-1,0.008884007,4.7356524,0.4873357,-4.059392,Cluster 1
BV1wmfTB6EMA,哈基蜂今天生日，送他几个芝士套,204495,11936,733,2894,329,手机游戏,哈基蜂今天生日 送他几个芝士套,1,-1,0.85671085,4.70113,1.3934159,-4.6517544,Cluster 1
BV1wMZdBBE3n,⚠️ 你 已 经 激 怒 了 一 头 雄 狮 ⚠️,418077,52737,4138,11454,2042,单机游戏,你 已 经 激 怒 了 一 头 雄 狮,1,-1,0.9142205,3.8209283,0.46985522,-6.3271337,Cluster 1
BV1wNcJz1Eqe,植物魅魔！别玩我了行吗？,726190,26887,2704,23101,42,单机游戏,植物魅魔 别玩我了行吗,2,-1,4.2853107,-0.0014146639,-3.6686041,-2.4883714,Cluster 2
BV1WRfiBtEoK,我是女的。,569655,50956,589,9718,404,翻唱,我是女的,3,-1,-0.9267387,5.1119485,2.3811002,-4.151535,Cluster 3
BV1WTfuB1ED7,为塑造一个角色，他曾写下10万字人物小传,264510,16592,3064,4197,915,日常,为塑造一个角色 他曾写下10万字人物小传,3,-1,-1.0562688,2.7527506,-3.758406,-9.440224,Cluster 3
BV1wtZoBCEoR,妮蔻：变成小兵的“鸽子妮蔻”,1056455,58072,1716,1218,499,网络游戏,妮蔻 变成小兵的 鸽子妮蔻,0,-1,-4.3040776,0.030689793,1.6761965,5.4062996,Cluster 0
BV1wVcvzsEs9,特厨探店|没有门头没有招牌的顺德小店—蒸四味,726795,58044,2755,3318,1246,美食侦探,特厨探店 没有门头没有招牌的顺德小店 蒸四味,3,-1,-1.162534,-1.9824948,3.3710213,0.102488674,Cluster 3
BV1wvfcBsEbh,当我尝试拍出火花的美……,427192,43881,1787,12498,451,手机游戏,当我尝试拍出火花的美,1,-1,3.8047404,4.498863,-0.76736325,-6.962952,Cluster 1
BV1wwf5BsEX3,老外：当中国玩家拿上了志愿军的装备，问题就变得严重了！,1359465,74269,2319,12586,457,网络游戏,老外 当中国玩家拿上了志愿军的装备 问题就变得严重了,2,-1,4.69663,-0.5505572,-5.0840244,-5.5083427,Cluster 2
BV1WwfzBhEpG,新年小心恐怖小孩,371129,44758,1572,7415,429,同人·手书,新年小心恐怖小孩,3,-1,-0.93059546,0.37406114,2.7974877,0.50872934,Cluster 3
BV1wzfcBQEE6,春节走亲戚，亲戚问我有什么才艺…,1390207,92693,9615,4477,794,颜值·网红舞,春节走亲戚 亲戚问我有什么才艺,1,-1,1.1814224,3.4443626,0.6668087,-3.930395,Cluster 1
BV1WZfiBxERF,谁懂过年这口火锅的含金量，一个字“香”,909534,46664,1247,1865,392,三农,谁懂过年这口火锅的含金量 一个字 香,2,-1,6.208077,0.49596214,-7.608062,-2.4022193,Cluster 2
BV1WzZ9BBE9S,《不排点の下场》,3132486,307599,5962,18408,2914,搞笑,不排点 下场,3,-1,-0.7196306,4.2766347,3.5261292,-5.288878,Cluster 3
BV1X8fnBbECJ,看来他们吃满意了,1840159,68920,954,8119,464,日常,看来他们吃满意了,1,-1,4.9261737,4.8301444,-0.8169142,-5.256033,Cluster 1
BV1xAfEBgEB6,“很荣幸成为了漂泊者！”,117086,18873,3708,6804,1543,GMV,很荣幸成为了漂泊者,1,-1,1.84493,4.3175473,-1.6380038,-7.7049365,Cluster 1
BV1XbfEBpEVk,孩子们，这回上帝都镇不住阴间视频了,1460640,158859,3931,20778,8792,鬼畜调教,孩子们 这回上帝都镇不住阴间视频了,2,-1,5.5087776,-2.6626453,-6.5139494,-0.20069541,Cluster 2
BV1XcZ8BjEhX,从春晚到景区，「中式审美」真的在崩溃吗？,3032512,37998,10195,21419,1735,社科·法律·心理,从春晚到景区  中式审美 真的在崩溃吗,2,-1,7.6000915,-1.791984,-8.546258,-0.41645998,Cluster 2
BV1xgfwBhE21,过年期间无聊就和朋友在ktv这么玩,2661620,230953,7424,21531,22068,美食记录,过年期间无聊就和朋友在ktv这么玩,2,-1,4.977438,-1.1983569,-6.283386,-1.0051123,Cluster 2
BV1XifwBkEsc,欢迎收看高中生回村过年vlog,1022383,21106,1312,20899,13,日常,欢迎收看高中生回村过年vlog,4,-1,-4.472958,-0.51882064,-5.0180798,8.784778,Cluster 4
BV1XNfKBJEWs,今天就不笑你了…哈基蜂,781788,129446,2134,11279,1378,同人·手书,今天就不笑你了 哈基蜂,3,-1,-1.1976631,3.8515856,1.8761828,-3.864134,Cluster 3
BV1xofKByEz4,【小剧场】罗德岛趣事-02,219805,36763,6401,10010,576,同人·手书,小剧场 罗德岛趣事 02,4,-1,-4.6498766,0.78204,1.8589455,5.721933,Cluster 4
BV1xPfuBmEtq,减肥登珠峰，挑战蹬一千公里回家,620827,51975,10704,3443,1911,出行,减肥登珠峰 挑战蹬一千公里回家,3,-1,0.7574296,-1.1449809,1.854305,0.928358,Cluster 3
BV1XqfFBPEH2,【梗百科】新三魏国篇①？！死是凉爽的夏夜？不可能！绝对不可能！？,444609,39059,4374,7640,2411,搞笑,梗百科 新三魏国篇   死是凉爽的夏夜 不可能 绝对不可能,0,-1,-0.34211156,-1.8238776,-1.9382249,3.0613976,Cluster 0
BV1xQFQzzE2n,全部都太脆弱~,1304859,92667,3371,10300,5320,日常,全部都太脆弱,3,-1,0.06943587,3.683348,1.798494,-3.6127841,Cluster 3
BV1xQfwBaELZ,《机械飞升》,3612759,324686,8593,17644,5489,搞笑,机械飞升,3,-1,-3.6916058,2.6241965,5.043777,-3.9026165,Cluster 3
BV1XRfcB6EfQ,JH06-09年热恋期回顾，娱乐圈公费恋爱代表人物周杰伦田馥甄，甜味整个溢出屏幕！,918053,31408,26246,10810,11015,音乐综合,JH06 09年热恋期回顾 娱乐圈公费恋爱代表人物周杰伦田馥甄 甜味整个溢出屏幕,4,-1,-3.1679616,-2.6487634,3.123898,2.938535,Cluster 4
BV1XTfMBdEHB,哈蒙德试驾仰望U9X,176304,7285,1184,1835,602,汽车生活,哈蒙德试驾仰望U9X,3,-1,-2.6482172,2.982647,6.005296,-3.1297626,Cluster 3
BV1XVfgB8EUV,9个小时 挣3600是什么体验,1514503,59074,1206,2073,201,亲子,9个小时 挣3600是什么体验,2,-1,6.040468,0.39498124,-7.762506,-2.5302818,Cluster 2
BV1XXZfBPEZr,换一个,401842,37577,588,6413,7049,手机游戏,换一个,1,-1,0.68913114,4.672713,2.8343015,-5.468048,Cluster 1
BV1XZfcBBEUD,《三兄弟冒险特别篇》,755446,74998,12669,14604,1810,日常,三兄弟冒险特别篇,0,-1,-5.189126,-0.5783389,-0.03164923,7.472281,Cluster 0
BV1Y5ZSBuE2a,本视频无任何加速片段,2302034,128894,921,5925,2716,单机游戏,本视频无任何加速片段,4,-1,-2.087882,1.1674708,-4.7561054,7.016027,Cluster 4
BV1y6fqBoEnb,实至名龟?！网文绿帽区王争霸，新中原五绿到底是个怎么个事?,157720,6105,554,1725,810,日常,实至名龟  网文绿帽区王争霸 新中原五绿到底是个怎么个事,2,-1,3.1879866,-3.284479,-7.190198,1.9289775,Cluster 2
BV1y8fgBUEgr,租房子捅了鬼窝了！国产恐怖游戏【鬼租205号房】,748537,71553,45917,20156,2692,单机游戏,租房子捅了鬼窝了 国产恐怖游戏 鬼租205号房,2,-1,4.007198,-2.8844903,-6.394502,0.19907418,Cluster 2
BV1y8ZiBDETQ,今晚器官们集体爆发！大司马终于绷不住了，听到轰轰家乡话念ID直接破了,2678613,62066,10101,9458,12938,电子竞技,今晚器官们集体爆发 大司马终于绷不住了 听到轰轰家乡话念ID直接破了,2,-1,4.908385,-1.3150204,-4.657562,-0.39092687,Cluster 2
BV1y9ZDBhE4p,说出你拉肚子的经历，让我心里好受点,16084928,1101871,137441,319218,275920,搞笑,说出你拉肚子的经历 让我心里好受点,1,-1,4.2843714,3.293956,-2.3513896,-4.1141114,Cluster 1
BV1YBfiBuEPh,刀锋：孩子们我才是亚连的cp,476579,17154,576,4156,356,网络游戏,刀锋 孩子们我才是亚连的cp,2,-1,2.7453957,-2.0961316,-2.1474898,-0.07149738,Cluster 2
BV1ycfzBwEEh,网上很火的预制海鲜到底有多离谱…,146929,12382,640,891,171,美食记录,网上很火的预制海鲜到底有多离谱,2,-1,6.792246,-0.7295125,-8.015743,-2.2660234,Cluster 2
BV1YCZaBxE5R,【PVZ动画-和平时代】植物和僵尸们是怎么一起跨年的？,953021,79904,10533,45382,1383,单机游戏,PVZ动画 和平时代 植物和僵尸们是怎么一起跨年的,2,-1,3.4546895,-3.8936386,-5.026337,-0.49611482,Cluster 2
BV1yEZaBkEkb,加菲猫主人乔恩竟然这么有钱！！?,2486354,79966,6984,40472,675,动漫杂谈,加菲猫主人乔恩竟然这么有钱,2,-1,5.424005,-2.5413582,-7.4465714,-0.22429737,Cluster 2
BV1yFZYByECh,丢到脑子一口气带你看超好看动漫《我，推理天花板》免费看全集完整版大结局在评论区5,1245147,77892,671,17365,339,小剧场,丢到脑子一口气带你看超好看动漫 我 推理天花板 免费看全集完整版大结局在评论区5,0,-1,-2.5070703,-2.2765524,-1.3409657,4.1127996,Cluster 0
BV1yGfFBnEJf,我去！兄弟！我悟了！,1911201,223368,2036,39588,20419,鬼畜调教,我去 兄弟 我悟了,1,-1,0.8610085,3.4267082,-0.6351915,-4.006982,Cluster 1
BV1YmfMBbEfy,载物和小蜜蜂全队想一辈子都想不出的逆天视频,202418,13434,529,1730,4067,电子竞技,载物和小蜜蜂全队想一辈子都想不出的逆天视频,2,-1,2.7066798,-4.4359207,-6.1056433,0.057336785,Cluster 2
BV1yoZDBbE3Q,把一家饭店所有的菜都点了一遍,2932494,319641,163912,48391,2970,美食记录,把一家饭店所有的菜都点了一遍,1,-1,3.0993557,5.9379616,-0.3084012,-5.73607,Cluster 1
BV1YPf7BSENS,白子：摔疼我了！,1855686,199696,3606,41718,11127,宅舞,白子 摔疼我了,1,-1,1.678791,3.551664,-0.8725734,-4.1321793,Cluster 1
BV1YpfqBuEeJ,游戏 游戏日常 蛋仔派对 蛋仔地图推荐 蛋仔小剧场,1530031,78788,7980,81377,5,搞笑,游戏 游戏日常 蛋仔派对 蛋仔地图推荐 蛋仔小剧场,0,-1,-5.1887736,-0.56038857,2.3220198,5.9375668,Cluster 0
BV1ysf6BeECN,"带领兄弟们打败""黑化财神爷""!!!「新年小游戏派对」",229717,33810,26756,10314,340,单机游戏,带领兄弟们打败 黑化财神爷     新年小游戏派对,0,-1,-5.012124,-1.7111377,4.8739624,3.568904,Cluster 0
BV1YSZeBFEYL,该吃独食还得吃独食。,1408103,107931,34652,14155,229,日常,该吃独食还得吃独食,3,-1,-0.612502,4.862183,3.434573,-3.9421055,Cluster 3
BV1yUfFBdEUx,可怜的弟弟(3),1340982,53459,685,16081,2152,搞笑,可怜的弟弟 3,1,-1,0.12372376,4.594293,2.4863126,-4.548256,Cluster 1
BV1YUfMBZE6w,六六六，踢足球不叫我！,1244557,123731,2624,17681,9050,亲子,六六六 踢足球不叫我,1,-1,0.88286996,4.0281405,2.1638541,-3.777738,Cluster 1
BV1YUfMBZEjQ,“喜 极 而 泣”,3833062,270018,41741,107807,2683,单机游戏,喜 极 而 泣,3,-1,-1.215543,4.944008,3.8913996,-5.6312633,Cluster 3
BV1YUfMBZEVF,大话猫游,456064,17325,666,3708,4108,搞笑,大话猫游,0,-1,-5.192536,0.33413443,1.9607862,5.89698,Cluster 0
BV1YWZ9BUEuR,老司机你在面对这种道路情况的时候，会怎么应对？,2082775,25538,800,4406,621,科工机械,老司机你在面对这种道路情况的时候 会怎么应对,2,-1,5.6505613,-1.0614158,-7.4707136,-4.2741876,Cluster 2
BV1YYfuBZEPG,万万想不到冷冻后的鸡蛋再煎竟然这么绝！！成功解锁了太阳蛋！搭配酸爽开胃的糖醋汁真是好吃炸了！！#冷冻鸡蛋 #鸡蛋神仙吃法 #糖醋鸡蛋,1702799,47181,521,15736,2153,美食制作,万万想不到冷冻后的鸡蛋再煎竟然这么绝  成功解锁了太阳蛋 搭配酸爽开胃的糖醋汁真是好吃炸了   冷冻鸡蛋  鸡蛋神仙吃法  糖醋鸡蛋,3,-1,-0.23115407,-1.0795683,-5.9438224,-3.552628,Cluster 3
BV1Z7Z2BzEQS,“当我以为生活会善待我时”,6840850,326738,3852,23325,8176,搞笑,当我以为生活会善待我时,1,-1,2.9047763,5.358156,-3.3534324,-7.3723493,Cluster 1
BV1Z8ZXBRELc,6毛钱网吧，这里长期驻扎着一群人,236761,16182,6409,2610,1068,日常,6毛钱网吧 这里长期驻扎着一群人,1,-1,3.7372882,0.9761613,-7.4802904,-3.2849054,Cluster 1
BV1zAfcBjEsf,游戏史“最大翻车”，如何用十年翻盘？,310885,29754,1113,4942,342,单机游戏,游戏史 最大翻车  如何用十年翻盘,0,-1,-0.24924867,-4.350401,-2.0812829,5.137443,Cluster 0
BV1ZAfgBTErw,看看你的反应速度能不能躲过白色引线,3115199,84313,538,2353,431,竞技体育,看看你的反应速度能不能躲过白色引线,1,-1,3.746677,0.5595252,-4.828928,-3.5742261,Cluster 1
BV1ZAfgBTEyj,【米苏不酥呀】更新啦，赶紧来围观吧！,3258378,241482,1072,16782,11475,日常,米苏不酥呀 更新啦 赶紧来围观吧,2,-1,3.9791136,-1.0680469,-4.348469,-2.2604506,Cluster 2
BV1ZAfyBNExz,宝可梦30周年logo分享，你拿到的是哪个？,90456,3900,686,905,1180,单机游戏,宝可梦30周年logo分享 你拿到的是哪个,2,-1,5.2161345,-5.3040833,-5.9125185,1.3618453,Cluster 2
BV1ZdfNBxEs2,NCT JNJM《BOTH SIDES》MV,195105,19832,11825,6293,8218,MV,NCT JNJM BOTH SIDES MV,4,-1,-3.5674856,4.8865952,8.828138,-2.7956312,Cluster 4
BV1ZLchziEDB,【星穹铁道乐子大会】斯科特同人单曲《孤狼》,2212160,481996,756245,354225,49074,娱乐粉丝创作,星穹铁道乐子大会 斯科特同人单曲 孤狼,0,-1,-6.327519,-2.051607,-1.578346,9.364202,Cluster 0
BV1ZmfcBLEDk,铁柱磨针第一天，全力以赴版。,1776619,195149,3049,14055,1281,日常,铁柱磨针第一天 全力以赴版,1,-1,0.43125525,3.9865444,1.3166256,-6.6950536,Cluster 1
BV1ZoZYBvER6,CS2躲猫猫:墙模型,1997847,74214,944,6866,334,网络游戏,CS2躲猫猫 墙模型,4,-1,-4.844153,2.4323988,5.814631,-1.5658096,Cluster 4
BV1zpf3BVE2m,整整803个藏品宝箱！究竟能够开出多少东西？最后能赚到多少钱呢？,1725399,134071,27650,110172,207,网络游戏,整整803个藏品宝箱 究竟能够开出多少东西 最后能赚到多少钱呢,2,-1,4.0025697,-0.50925976,-6.0329967,-6.63729,Cluster 2
BV1ZSfABQEvj,为什么路边摊的烤鱿鱼狗都不吃？,297729,14506,990,8918,636,美食制作,为什么路边摊的烤鱿鱼狗都不吃,1,-1,3.185019,1.7121675,0.39225072,-2.293989,Cluster 1
BV1ZsfFBGEpk,我叛逆的一生,1263792,85463,8153,15130,2018,鬼畜剧场,我叛逆的一生,3,-1,-0.6914009,3.8705468,1.6624274,-2.1053402,Cluster 3
BV1zSfjBFEBY,只是在异环平凡的一天...,141961,12349,878,2125,324,手机游戏,只是在异环平凡的一天,1,-1,-0.57084346,2.134657,-11.083338,2.9846077,Cluster 1
BV1ztfBB9EJ9,FBI警车被抢？一队阿sir来搞笑？,114155,8911,1067,686,130,汽车生活,FBI警车被抢 一队阿sir来搞笑,3,-1,-3.083816,0.04238775,5.3187776,1.824389,Cluster 3
BV1ZTfGBGE47,《耶呼！黏苞米》-01,1373005,107012,136276,28724,4385,美食侦探,耶呼 黏苞米  01,4,-1,-4.457491,3.62824,7.0548997,-3.4069872,Cluster 4
BV1zTfqBJECV,单三全局裸配mk4和aw绝航清图,542749,44462,1430,4349,1235,网络游戏,单三全局裸配mk4和aw绝航清图,4,-1,-1.9136018,-3.6819172,1.3321822,3.6923645,Cluster 4
BV1zvfMBqEyL,关税大翻车！特朗普怒！再加码15%！｜中美超过20架战机黄海罕见对峙,384126,19144,5426,3312,440,社科·法律·心理,关税大翻车 特朗普怒 再加码15   中美超过20架战机黄海罕见对峙,2,-1,2.684343,-4.323642,-8.498675,2.8333428,Cluster 2
BV1ZyZfBzEWt,勘探钻研之路,222244,22445,702,3727,706,GMV,勘探钻研之路,3,-1,-3.1877468,0.33970195,6.4758987,5.3292465,Cluster 3
